-- MySQL dump 10.13  Distrib 5.5.19, for Linux (x86_64)
--
-- Host: 68.178.217.3    Database: emessiha
-- ------------------------------------------------------
-- Server version	5.5.43-37.2-log

/*!40101 SET @OLD_CHARACTER_SET_CLIENT=@@CHARACTER_SET_CLIENT */;
/*!40101 SET @OLD_CHARACTER_SET_RESULTS=@@CHARACTER_SET_RESULTS */;
/*!40101 SET @OLD_COLLATION_CONNECTION=@@COLLATION_CONNECTION */;
/*!40101 SET NAMES utf8 */;
/*!40103 SET @OLD_TIME_ZONE=@@TIME_ZONE */;
/*!40103 SET TIME_ZONE='+00:00' */;
/*!40014 SET @OLD_UNIQUE_CHECKS=@@UNIQUE_CHECKS, UNIQUE_CHECKS=0 */;
/*!40014 SET @OLD_FOREIGN_KEY_CHECKS=@@FOREIGN_KEY_CHECKS, FOREIGN_KEY_CHECKS=0 */;
/*!40101 SET @OLD_SQL_MODE=@@SQL_MODE, SQL_MODE='NO_AUTO_VALUE_ON_ZERO' */;
/*!40111 SET @OLD_SQL_NOTES=@@SQL_NOTES, SQL_NOTES=0 */;

--
-- Table structure for table `stores`
--

DROP TABLE IF EXISTS `stores`;
/*!40101 SET @saved_cs_client     = @@character_set_client */;
/*!40101 SET character_set_client = utf8 */;
CREATE TABLE `stores` (
  `id` int(11) NOT NULL AUTO_INCREMENT,
  `store_name` varchar(256) NOT NULL,
  `default_tag_id` int(11) NOT NULL DEFAULT '1',
  PRIMARY KEY (`id`)
) ENGINE=MyISAM AUTO_INCREMENT=105 DEFAULT CHARSET=latin1;
/*!40101 SET character_set_client = @saved_cs_client */;

--
-- Dumping data for table `stores`
--

LOCK TABLES `stores` WRITE;
/*!40000 ALTER TABLE `stores` DISABLE KEYS */;
INSERT INTO `stores` VALUES (1,'none',1);
INSERT INTO `stores` VALUES (2,'N/A',3);
INSERT INTO `stores` VALUES (3,'other',2);
INSERT INTO `stores` VALUES (4,'MID EAST',15);
INSERT INTO `stores` VALUES (5,'168 Sushi',17);
INSERT INTO `stores` VALUES (6,'BIG RIG',17);
INSERT INTO `stores` VALUES (7,'ARZ LEBANESE',17);
INSERT INTO `stores` VALUES (8,'Thai Express',17);
INSERT INTO `stores` VALUES (9,'A&W',17);
INSERT INTO `stores` VALUES (10,'Malones Lakeside',17);
INSERT INTO `stores` VALUES (11,'RED PEPPER THAI',17);
INSERT INTO `stores` VALUES (12,'TIKI MING',17);
INSERT INTO `stores` VALUES (13,'Sports Experts',19);
INSERT INTO `stores` VALUES (14,'ALDO',19);
INSERT INTO `stores` VALUES (15,'TOYS R US',19);
INSERT INTO `stores` VALUES (16,'Second Cup',17);
INSERT INTO `stores` VALUES (17,'JOE FRESH',19);
INSERT INTO `stores` VALUES (18,'SEARS',19);
INSERT INTO `stores` VALUES (19,'PIONEER',20);
INSERT INTO `stores` VALUES (20,'Giant Tiger',19);
INSERT INTO `stores` VALUES (21,'VINCI PARK',5);
INSERT INTO `stores` VALUES (22,'SHELL',20);
INSERT INTO `stores` VALUES (23,'Scotiabank',4);
INSERT INTO `stores` VALUES (24,'UNIFUND',6);
INSERT INTO `stores` VALUES (25,'ON THE RUN',17);
INSERT INTO `stores` VALUES (26,'BANK OF MONTREAL',21);
INSERT INTO `stores` VALUES (27,'DIXON MNGT',11);
INSERT INTO `stores` VALUES (28,'HYDRO OTTAWA',9);
INSERT INTO `stores` VALUES (29,'ENBRIDGE',8);
INSERT INTO `stores` VALUES (30,'YM-YWCA',7);
INSERT INTO `stores` VALUES (31,'Dollar Tree',11);
INSERT INTO `stores` VALUES (32,'Staples',11);
INSERT INTO `stores` VALUES (33,'XS CARGO',11);
INSERT INTO `stores` VALUES (34,'Shoppers',10);
INSERT INTO `stores` VALUES (35,'Subway',17);
INSERT INTO `stores` VALUES (36,'Dollarama',11);
INSERT INTO `stores` VALUES (37,'Old Navy',19);
INSERT INTO `stores` VALUES (38,'Harveys',17);
INSERT INTO `stores` VALUES (39,'Rogers Wireless',16);
INSERT INTO `stores` VALUES (40,'Sofa World',23);
INSERT INTO `stores` VALUES (41,'Value Village',23);
INSERT INTO `stores` VALUES (42,'Walmart',15);
INSERT INTO `stores` VALUES (43,'Costco',15);
INSERT INTO `stores` VALUES (44,'BestBuy',13);
INSERT INTO `stores` VALUES (45,'Food Basics',15);
INSERT INTO `stores` VALUES (46,'OC Transpo',14);
INSERT INTO `stores` VALUES (47,'Ikea',23);
INSERT INTO `stores` VALUES (48,'Canadian Tire',11);
INSERT INTO `stores` VALUES (49,'Winners',19);
INSERT INTO `stores` VALUES (50,'Home Hardware',22);
INSERT INTO `stores` VALUES (51,'Home Depot',22);
INSERT INTO `stores` VALUES (52,'SportChek',19);
INSERT INTO `stores` VALUES (53,'ESSO',20);
INSERT INTO `stores` VALUES (54,'Gas Station',20);
INSERT INTO `stores` VALUES (55,'Metro',15);
INSERT INTO `stores` VALUES (56,'Independant',15);
INSERT INTO `stores` VALUES (57,'HomeSense',23);
INSERT INTO `stores` VALUES (58,'Loblaw',15);
INSERT INTO `stores` VALUES (59,'Tim Hortons',17);
INSERT INTO `stores` VALUES (60,'Starbucks',17);
INSERT INTO `stores` VALUES (61,'Damas',15);
INSERT INTO `stores` VALUES (62,'The Farm Team',17);
INSERT INTO `stores` VALUES (63,'Blue Line',14);
INSERT INTO `stores` VALUES (64,'BED BATH & BEYOND',23);
INSERT INTO `stores` VALUES (65,'MAGICJACK',2);
INSERT INTO `stores` VALUES (66,'Montanas',17);
INSERT INTO `stores` VALUES (67,'Hyatt',18);
INSERT INTO `stores` VALUES (68,'Hilton',18);
INSERT INTO `stores` VALUES (69,'Taxi',14);
INSERT INTO `stores` VALUES (70,'US Airways',18);
INSERT INTO `stores` VALUES (71,'EINSTEINS BROS BAGEL',17);
INSERT INTO `stores` VALUES (72,'JERSEY MIKES SUBS',17);
INSERT INTO `stores` VALUES (73,'JOCKS & JILLS',17);
INSERT INTO `stores` VALUES (74,'NANAS SOUL FOOD',17);
INSERT INTO `stores` VALUES (75,'ROAM Mobility',16);
INSERT INTO `stores` VALUES (76,'Jysk',23);
INSERT INTO `stores` VALUES (77,'TARGET',19);
INSERT INTO `stores` VALUES (78,'HAKIM OPTICAL',24);
INSERT INTO `stores` VALUES (79,'Amazon',19);
INSERT INTO `stores` VALUES (80,'Paypal',2);
INSERT INTO `stores` VALUES (81,'BEAVERTAILS',17);
INSERT INTO `stores` VALUES (82,'MAGENTA STUDIO',7);
INSERT INTO `stores` VALUES (83,'EB GAMES',25);
INSERT INTO `stores` VALUES (84,'SALEM STORE',7);
INSERT INTO `stores` VALUES (85,'DUFRESNE',23);
INSERT INTO `stores` VALUES (86,'GRAND PIZZERIA',17);
INSERT INTO `stores` VALUES (87,'Presto',14);
INSERT INTO `stores` VALUES (88,'Talay Thai',17);
INSERT INTO `stores` VALUES (89,'Expedia',18);
INSERT INTO `stores` VALUES (90,'McDonalds',17);
INSERT INTO `stores` VALUES (91,'JAMES STREET PUB',17);
INSERT INTO `stores` VALUES (92,'Rockwell s Restaurant',17);
INSERT INTO `stores` VALUES (93,'CORA Breakfast',17);
INSERT INTO `stores` VALUES (94,'Petro-Canada',20);
INSERT INTO `stores` VALUES (95,'ServiceOntario',7);
INSERT INTO `stores` VALUES (96,'Google',19);
INSERT INTO `stores` VALUES (97,'Bulk Barn',15);
INSERT INTO `stores` VALUES (98,'MICHAEL HILL',19);
INSERT INTO `stores` VALUES (99,'THE WORKS',17);
INSERT INTO `stores` VALUES (100,'Leon s',23);
INSERT INTO `stores` VALUES (101,'TOOTSIES Shoe Market',19);
INSERT INTO `stores` VALUES (102,'GoDaddy',2);
INSERT INTO `stores` VALUES (103,'Uber',14);
INSERT INTO `stores` VALUES (104,'The Ottawa Hospital',24);
/*!40000 ALTER TABLE `stores` ENABLE KEYS */;
UNLOCK TABLES;

--
-- Table structure for table `tags`
--

DROP TABLE IF EXISTS `tags`;
/*!40101 SET @saved_cs_client     = @@character_set_client */;
/*!40101 SET character_set_client = utf8 */;
CREATE TABLE `tags` (
  `id` int(11) NOT NULL AUTO_INCREMENT,
  `tag_name` varchar(256) NOT NULL,
  PRIMARY KEY (`id`)
) ENGINE=MyISAM AUTO_INCREMENT=26 DEFAULT CHARSET=latin1;
/*!40101 SET character_set_client = @saved_cs_client */;

--
-- Dumping data for table `tags`
--

LOCK TABLES `tags` WRITE;
/*!40000 ALTER TABLE `tags` DISABLE KEYS */;
INSERT INTO `tags` VALUES (1,'none');
INSERT INTO `tags` VALUES (2,'other');
INSERT INTO `tags` VALUES (3,'N/A');
INSERT INTO `tags` VALUES (4,'Banking');
INSERT INTO `tags` VALUES (5,'Parking');
INSERT INTO `tags` VALUES (6,'Insurance');
INSERT INTO `tags` VALUES (7,'Personal');
INSERT INTO `tags` VALUES (8,'Heat');
INSERT INTO `tags` VALUES (9,'Electricity and Water');
INSERT INTO `tags` VALUES (10,'Pharmacy');
INSERT INTO `tags` VALUES (11,'Home');
INSERT INTO `tags` VALUES (12,'Mortgage');
INSERT INTO `tags` VALUES (13,'Electronics');
INSERT INTO `tags` VALUES (14,'Transportation');
INSERT INTO `tags` VALUES (15,'Food');
INSERT INTO `tags` VALUES (16,'Phone and Internet');
INSERT INTO `tags` VALUES (17,'Eat out');
INSERT INTO `tags` VALUES (18,'Travel');
INSERT INTO `tags` VALUES (19,'Shopping');
INSERT INTO `tags` VALUES (20,'Gas');
INSERT INTO `tags` VALUES (21,'Car');
INSERT INTO `tags` VALUES (22,'House maintenance');
INSERT INTO `tags` VALUES (23,'Furniture');
INSERT INTO `tags` VALUES (24,'Medical');
INSERT INTO `tags` VALUES (25,'Entertainment');
/*!40000 ALTER TABLE `tags` ENABLE KEYS */;
UNLOCK TABLES;

--
-- Table structure for table `transactions`
--

DROP TABLE IF EXISTS `transactions`;
/*!40101 SET @saved_cs_client     = @@character_set_client */;
/*!40101 SET character_set_client = utf8 */;
CREATE TABLE `transactions` (
  `id` int(11) NOT NULL AUTO_INCREMENT,
  `tdate` date NOT NULL,
  `in_amount` decimal(10,0) NOT NULL DEFAULT '0',
  `out_amount` decimal(10,0) NOT NULL DEFAULT '0',
  `category` varchar(256) NOT NULL,
  `description` varchar(256) NOT NULL,
  `ttype` enum('visa','checking') NOT NULL,
  `tmonth` int(11) NOT NULL,
  `tyear` int(11) NOT NULL,
  `tday` int(11) NOT NULL,
  `istransfer` tinyint(1) NOT NULL DEFAULT '0',
  `store_id` int(11) NOT NULL DEFAULT '1',
  `tag_id` int(11) NOT NULL DEFAULT '1',
  PRIMARY KEY (`id`)
) ENGINE=MyISAM AUTO_INCREMENT=789 DEFAULT CHARSET=latin1;
/*!40101 SET character_set_client = @saved_cs_client */;

--
-- Dumping data for table `transactions`
--

LOCK TABLES `transactions` WRITE;
/*!40000 ALTER TABLE `transactions` DISABLE KEYS */;
INSERT INTO `transactions` VALUES (1,'2014-06-30',6,0,'POS Return','WAL-MART #1110           OTTAW','checking',6,2014,30,0,42,15);
INSERT INTO `transactions` VALUES (2,'2014-06-30',0,12,'POS Purchase','VALUE VILLAGE #2081      NEPEA','checking',6,2014,30,0,41,23);
INSERT INTO `transactions` VALUES (3,'2014-06-30',0,60,'POS Purchase','WAL-MART #1110           OTTAW','checking',6,2014,30,0,42,15);
INSERT INTO `transactions` VALUES (4,'2014-06-30',0,1236,'Customer Transfer Dr.','PC TO SavingsAccount','checking',6,2014,30,1,1,3);
INSERT INTO `transactions` VALUES (5,'2014-06-30',500,0,'Customer Transfer Cr.','PC FROM SavingsAccount2','checking',6,2014,30,1,1,3);
INSERT INTO `transactions` VALUES (6,'2014-06-30',0,500,'Customer Transfer Dr.','','checking',6,2014,30,1,1,3);
INSERT INTO `transactions` VALUES (7,'2014-06-30',2400,0,'Payroll Deposit','My Employer INC','checking',6,2014,30,0,1,1);
INSERT INTO `transactions` VALUES (8,'2014-06-30',0,11,'POS Purchase','WAL-MART #1158           OTTAW','checking',6,2014,30,0,42,15);
INSERT INTO `transactions` VALUES (9,'2014-06-30',800,0,'ABM Deposit','bank','checking',6,2014,30,0,23,4);
INSERT INTO `transactions` VALUES (10,'2014-06-30',0,2,'POS Purchase','HARVEY\'S #0002228#       OTTAW','checking',6,2014,30,0,38,17);
INSERT INTO `transactions` VALUES (11,'2014-06-30',0,15,'POS Purchase','HARVEY\'S #0002228#       OTTAW','checking',6,2014,30,0,38,17);
INSERT INTO `transactions` VALUES (12,'2014-06-28',0,7,'POS Purchase','EB GAMES 824             ORLEA','checking',6,2014,28,0,83,25);
INSERT INTO `transactions` VALUES (13,'2014-06-28',0,12,'POS Purchase','TIKI MING                ORLEA','checking',6,2014,28,0,12,17);
INSERT INTO `transactions` VALUES (14,'2014-06-28',0,15,'POS Purchase','WAL-MART #1110           OTTAW','checking',6,2014,28,0,42,15);
INSERT INTO `transactions` VALUES (15,'2014-06-28',0,27,'POS Purchase','CANADIAN TIRE #258       NEPEA','checking',6,2014,28,0,48,22);
INSERT INTO `transactions` VALUES (16,'2014-06-27',0,50,'POS Purchase','OLD NAVY CANADA #5476#   NAPEA','checking',6,2014,27,0,37,19);
INSERT INTO `transactions` VALUES (17,'2014-06-27',208,0,'DEPOSIT','bank','checking',6,2014,27,0,23,4);
INSERT INTO `transactions` VALUES (18,'2014-06-27',0,771,'Mortgage Payment','MORTGAGE #2827805','checking',6,2014,27,0,23,12);
INSERT INTO `transactions` VALUES (19,'2014-06-26',0,40,'POS Purchase','TOYS R US #3527          NEPEA','checking',6,2014,26,0,15,19);
INSERT INTO `transactions` VALUES (20,'2014-06-25',0,60,'POS Purchase','WAL-MART #1110           OTTAW','checking',6,2014,25,0,42,15);
INSERT INTO `transactions` VALUES (21,'2014-06-25',0,29,'POS Purchase','DOLLARAMA # 797          OTTAW','checking',6,2014,25,0,36,11);
INSERT INTO `transactions` VALUES (22,'2014-06-23',0,53,'POS Purchase','BASELINE ON THE RUN      OTTAW','checking',6,2014,23,0,25,20);
INSERT INTO `transactions` VALUES (23,'2014-06-23',0,22,'POS Purchase','WAL-MART #1110           OTTAW','checking',6,2014,23,0,42,15);
INSERT INTO `transactions` VALUES (24,'2014-06-21',0,13,'POS Purchase','SUBWAY #12422            PERTH','checking',6,2014,21,0,35,17);
INSERT INTO `transactions` VALUES (25,'2014-06-20',0,33,'Service Charge','MONTHLY FEES','checking',6,2014,20,0,23,4);
INSERT INTO `transactions` VALUES (26,'2014-06-20',0,7,'POS Purchase','SALEM STORE HOUSE        NEPEA','checking',6,2014,20,0,84,7);
INSERT INTO `transactions` VALUES (27,'2014-06-20',0,8,'POS Purchase','DOLLARAMA # 433          NEPEA','checking',6,2014,20,0,36,11);
INSERT INTO `transactions` VALUES (28,'2014-06-20',0,96,'POS Purchase','SHOPPER\'S DRUG MART #1   NEPEA','checking',6,2014,20,0,34,10);
INSERT INTO `transactions` VALUES (29,'2014-06-20',0,11,'POS Purchase','SHOPPERS DRUG MART #15   NEPEA','checking',6,2014,20,0,34,10);
INSERT INTO `transactions` VALUES (30,'2014-06-20',0,40,'POS Purchase','BASELINE ON THE RUN      OTTAW','checking',6,2014,20,0,25,20);
INSERT INTO `transactions` VALUES (31,'2014-06-18',0,98,'POS Purchase','WAL-MART #1110           OTTAW','checking',6,2014,18,0,42,15);
INSERT INTO `transactions` VALUES (32,'2014-06-18',0,11,'POS Purchase','WAL-MART #1110           OTTAW','checking',6,2014,18,0,42,15);
INSERT INTO `transactions` VALUES (33,'2014-06-18',0,88,'POS Purchase','STAPLES #7               NEPEA','checking',6,2014,18,0,32,11);
INSERT INTO `transactions` VALUES (34,'2014-06-18',300,0,'Customer Transfer Cr.','PC FROM SavingsAccount3','checking',6,2014,18,1,1,3);
INSERT INTO `transactions` VALUES (35,'2014-06-17',0,1100,'Customer Transfer Dr.','PC TO SavingsAccount','checking',6,2014,17,1,1,3);
INSERT INTO `transactions` VALUES (36,'2014-06-17',0,23,'POS Purchase','XS CARGO OTTAWA #203     NEPEA','checking',6,2014,17,0,33,11);
INSERT INTO `transactions` VALUES (37,'2014-06-17',0,41,'POS Purchase','WAL-MART #1110           OTTAW','checking',6,2014,17,0,42,15);
INSERT INTO `transactions` VALUES (38,'2014-06-17',0,18,'POS Purchase','WAL-MART #1110           OTTAW','checking',6,2014,17,0,42,15);
INSERT INTO `transactions` VALUES (39,'2014-06-17',0,14,'POS Purchase','DOLLARAMA # 433          NEPEA','checking',6,2014,17,0,36,11);
INSERT INTO `transactions` VALUES (40,'2014-06-17',0,5,'POS Purchase','STAPLES #7               NEPEA','checking',6,2014,17,0,32,11);
INSERT INTO `transactions` VALUES (41,'2014-06-16',0,58,'Miscellaneous Payment','OTTAWA YM-YWCA','checking',6,2014,16,0,30,7);
INSERT INTO `transactions` VALUES (42,'2014-06-16',0,15,'POS Purchase','RED PEPPER THAI VIET R   OTTAW','checking',6,2014,16,0,11,17);
INSERT INTO `transactions` VALUES (43,'2014-06-16',0,98,'POS Purchase','COSTCO WHOLESALE #540    NEPEA','checking',6,2014,16,0,43,15);
INSERT INTO `transactions` VALUES (44,'2014-06-16',0,1000,'POS Purchase','SOFA WORLD               NEPEA','checking',6,2014,16,0,40,23);
INSERT INTO `transactions` VALUES (45,'2014-06-14',0,15,'POS Purchase','LOBLAW #1050             OTTAW','checking',6,2014,14,0,58,15);
INSERT INTO `transactions` VALUES (46,'2014-06-13',0,29,'POS Purchase','SHOPPERS DRUG MART #06   GLOUC','checking',6,2014,13,0,34,10);
INSERT INTO `transactions` VALUES (47,'2014-06-13',0,771,'Mortgage Payment','MORTGAGE #2827805','checking',6,2014,13,0,23,12);
INSERT INTO `transactions` VALUES (48,'2014-06-13',2444,0,'Payroll Deposit','My Employer INC','checking',6,2014,13,0,1,1);
INSERT INTO `transactions` VALUES (49,'2014-06-12',0,7,'POS Purchase','IKEA OTTAWA              OTTAW','checking',6,2014,12,0,47,23);
INSERT INTO `transactions` VALUES (50,'2014-06-12',0,6,'POS Purchase','IKEA OTTAWA              OTTAW','checking',6,2014,12,0,47,23);
INSERT INTO `transactions` VALUES (51,'2014-06-11',0,11,'POS Purchase','DOLLARAMA # 433          NEPEA','checking',6,2014,11,0,36,11);
INSERT INTO `transactions` VALUES (52,'2014-06-10',0,7000,'Customer Transfer Dr.','PC TO SavingsAccount3','checking',6,2014,10,1,1,3);
INSERT INTO `transactions` VALUES (53,'2014-06-10',0,500,'POS Purchase','SOFA WORLD               NEPEA','checking',6,2014,10,0,40,23);
INSERT INTO `transactions` VALUES (54,'2014-06-07',0,2,'Service Charge','','checking',6,2014,7,0,23,4);
INSERT INTO `transactions` VALUES (55,'2014-06-07',0,102,'ABM Withdrawal','','checking',6,2014,7,0,23,4);
INSERT INTO `transactions` VALUES (56,'2014-06-07',200,0,'ABM Deposit','bank','checking',6,2014,7,0,23,4);
INSERT INTO `transactions` VALUES (57,'2014-06-07',50,0,'ABM Deposit','bank','checking',6,2014,7,0,23,4);
INSERT INTO `transactions` VALUES (58,'2014-06-06',1164,0,'POS Return','DUFRESNE FURNITURE       OTTAW','checking',6,2014,6,0,85,23);
INSERT INTO `transactions` VALUES (59,'2014-06-06',0,47,'POS Purchase','DOLLARAMA # 797          OTTAW','checking',6,2014,6,0,36,11);
INSERT INTO `transactions` VALUES (60,'2014-06-05',0,78,'Bill Payment','ENBRIDGE','checking',6,2014,5,0,29,8);
INSERT INTO `transactions` VALUES (61,'2014-06-05',0,216,'Loans','BANK OF MONTREAL','checking',6,2014,5,0,26,21);
INSERT INTO `transactions` VALUES (62,'2014-06-05',0,254,'Insurance','JOHNSON/UNIFUND','checking',6,2014,5,0,24,6);
INSERT INTO `transactions` VALUES (63,'2014-06-02',0,9,'Miscellaneous Payment','PAYPAL PTE LTD','checking',6,2014,2,0,80,2);
INSERT INTO `transactions` VALUES (64,'2014-06-02',0,18,'Bill Payment','HYDRO OTTAWA','checking',6,2014,2,0,28,9);
INSERT INTO `transactions` VALUES (65,'2014-06-02',0,297,'Miscellaneous Payment','R DIXON MNGT','checking',6,2014,2,0,27,11);
INSERT INTO `transactions` VALUES (66,'2014-06-02',0,27,'Mortgage Payment','MORTGAGE #2827805','checking',6,2014,2,0,23,12);
INSERT INTO `transactions` VALUES (67,'2014-07-31',0,850,'Customer Transfer Dr.','PC TO SavingsAccount','checking',7,2014,31,1,1,3);
INSERT INTO `transactions` VALUES (68,'2014-07-31',2400,0,'Payroll Deposit','My Employer INC','checking',7,2014,31,0,1,1);
INSERT INTO `transactions` VALUES (69,'2014-07-30',0,189,'Bill Payment','ROGERS WIRELESS PRE-AUTH DR','checking',7,2014,30,0,39,16);
INSERT INTO `transactions` VALUES (70,'2014-07-29',0,8,'POS Purchase','FOOD BASICS #896         GLOUC','checking',7,2014,29,0,45,15);
INSERT INTO `transactions` VALUES (71,'2014-07-28',300,0,'ABM Deposit','bank','checking',7,2014,28,0,23,4);
INSERT INTO `transactions` VALUES (72,'2014-07-26',0,100,'POS Purchase','COSTCO WHOLESALE #540    NEPEA','checking',7,2014,26,0,43,15);
INSERT INTO `transactions` VALUES (73,'2014-07-25',0,17,'POS Purchase','DOLLARAMA # 644          OTTAW','checking',7,2014,25,0,36,11);
INSERT INTO `transactions` VALUES (74,'2014-07-25',0,11,'POS Purchase','TOYS R US #3531          OTTAW','checking',7,2014,25,0,15,1);
INSERT INTO `transactions` VALUES (75,'2014-07-25',0,771,'Mortgage Payment','MORTGAGE #2827805','checking',7,2014,25,0,23,12);
INSERT INTO `transactions` VALUES (76,'2014-07-23',0,74,'POS Purchase','COSTCO WHOLESALE #540    NEPEA','checking',7,2014,23,0,43,15);
INSERT INTO `transactions` VALUES (77,'2014-07-23',0,240,'ABM Withdrawal','','checking',7,2014,23,0,23,4);
INSERT INTO `transactions` VALUES (78,'2014-07-22',0,11,'POS Purchase','VALUE VILLAGE #2039      GLOUC','checking',7,2014,22,0,41,23);
INSERT INTO `transactions` VALUES (79,'2014-07-21',0,10,'POS Purchase','DOLLAR TREE #40084       GLOUC','checking',7,2014,21,0,31,11);
INSERT INTO `transactions` VALUES (80,'2014-07-21',0,33,'POS Purchase','FOOD BASICS #896         GLOUC','checking',7,2014,21,0,45,15);
INSERT INTO `transactions` VALUES (81,'2014-07-21',0,900,'Customer Transfer Dr.','PC TO SavingsAccount','checking',7,2014,21,1,1,3);
INSERT INTO `transactions` VALUES (82,'2014-07-21',0,500,'ABM Withdrawal','','checking',7,2014,21,0,23,4);
INSERT INTO `transactions` VALUES (83,'2014-07-19',0,27,'Service Charge','MONTHLY FEES','checking',7,2014,19,0,23,4);
INSERT INTO `transactions` VALUES (84,'2014-07-19',0,5,'Overdraft Protect. Fee','','checking',7,2014,19,0,23,4);
INSERT INTO `transactions` VALUES (85,'2014-07-19',0,0,'Overdraft Interest','','checking',7,2014,19,0,23,4);
INSERT INTO `transactions` VALUES (86,'2014-07-15',0,58,'Miscellaneous Payment','OTTAWA YM-YWCA','checking',7,2014,15,0,30,7);
INSERT INTO `transactions` VALUES (87,'2014-07-15',0,6,'POS Purchase','HARVEY\'S #0002228#       OTTAW','checking',7,2014,15,0,38,17);
INSERT INTO `transactions` VALUES (88,'2014-07-15',2400,0,'Payroll Deposit','My Employer INC','checking',7,2014,15,0,1,1);
INSERT INTO `transactions` VALUES (89,'2014-07-14',0,15,'POS Purchase','DOLLARAMA # 797          OTTAW','checking',7,2014,14,0,36,11);
INSERT INTO `transactions` VALUES (90,'2014-07-12',0,40,'ABM Withdrawal','','checking',7,2014,12,0,23,4);
INSERT INTO `transactions` VALUES (91,'2014-07-11',0,92,'POS Purchase','COSTCO WHOLESALE #511    GLOUC','checking',7,2014,11,0,43,15);
INSERT INTO `transactions` VALUES (92,'2014-07-11',0,771,'Mortgage Payment','MORTGAGE #2827805','checking',7,2014,11,0,23,12);
INSERT INTO `transactions` VALUES (93,'2014-07-10',0,51,'POS Purchase','WAL-MART #1110           OTTAW','checking',7,2014,10,0,42,15);
INSERT INTO `transactions` VALUES (94,'2014-07-10',0,7,'POS Purchase','VALUE VILLAGE #2081      NEPEA','checking',7,2014,10,0,41,23);
INSERT INTO `transactions` VALUES (95,'2014-07-09',0,7,'POS Purchase','DOLLARAMA # 644          OTTAW','checking',7,2014,9,0,36,11);
INSERT INTO `transactions` VALUES (96,'2014-07-09',0,23,'POS Purchase','MAGENTA STUDIO PHOTO     OTTAW','checking',7,2014,9,0,82,7);
INSERT INTO `transactions` VALUES (97,'2014-07-08',0,10,'POS Purchase','IKEA OTTAWA              OTTAW','checking',7,2014,8,0,47,23);
INSERT INTO `transactions` VALUES (98,'2014-07-07',0,41,'Bill Payment','ENBRIDGE','checking',7,2014,7,0,29,8);
INSERT INTO `transactions` VALUES (99,'2014-07-07',0,216,'Loans','BANK OF MONTREAL','checking',7,2014,7,0,26,21);
INSERT INTO `transactions` VALUES (100,'2014-07-07',0,254,'Insurance','JOHNSON/UNIFUND','checking',7,2014,7,0,24,6);
INSERT INTO `transactions` VALUES (101,'2014-07-07',300,0,'ABM Deposit','bank','checking',7,2014,7,0,23,4);
INSERT INTO `transactions` VALUES (102,'2014-07-03',50,0,'ABM Deposit','bank','checking',7,2014,3,0,23,4);
INSERT INTO `transactions` VALUES (103,'2014-07-03',701,0,'Customer Transfer Cr.','PC FROM SavingsAccount3','checking',7,2014,3,1,1,3);
INSERT INTO `transactions` VALUES (104,'2014-07-02',0,498,'Bill Payment','ROGERS WIRELESS PRE-AUTH DR','checking',7,2014,2,0,39,16);
INSERT INTO `transactions` VALUES (105,'2014-07-02',0,9,'Miscellaneous Payment','PAYPAL PTE LTD','checking',7,2014,2,0,80,2);
INSERT INTO `transactions` VALUES (106,'2014-07-02',0,19,'Bill Payment','HYDRO OTTAWA','checking',7,2014,2,0,28,9);
INSERT INTO `transactions` VALUES (107,'2014-07-02',0,297,'Miscellaneous Payment','R DIXON MNGT','checking',7,2014,2,0,27,11);
INSERT INTO `transactions` VALUES (108,'2014-07-02',0,27,'Mortgage Payment','MORTGAGE #2827805','checking',7,2014,2,0,23,12);
INSERT INTO `transactions` VALUES (109,'2014-06-01',0,68,'POS Purchase','WINNERS 214              NEPEAN       ON','visa',6,2014,1,0,49,19);
INSERT INTO `transactions` VALUES (110,'2014-06-02',0,23,'POS Purchase','LOBLAW #1050             OTTAWA       ON','visa',6,2014,2,0,58,15);
INSERT INTO `transactions` VALUES (111,'2014-06-02',0,70,'POS Purchase','MALONES LAKESIDE BAR     OTTAWA       ON','visa',6,2014,2,0,10,17);
INSERT INTO `transactions` VALUES (112,'2014-06-02',0,10,'POS Purchase','VINCI PARK - CATHERINE   OTTAWA       ON','visa',6,2014,2,0,21,5);
INSERT INTO `transactions` VALUES (113,'2014-06-03',0,31,'POS Purchase','PRESTO                   TORONTO      ON','visa',6,2014,3,0,46,14);
INSERT INTO `transactions` VALUES (114,'2014-06-05',0,240,'POS Purchase','WAL-MART SUPERCENTER#1110OTTAWA       ON','visa',6,2014,5,0,42,15);
INSERT INTO `transactions` VALUES (115,'2014-06-07',0,28,'POS Purchase','GRAND PIZZERIA           OTTAWA       ON','visa',6,2014,7,0,86,17);
INSERT INTO `transactions` VALUES (116,'2014-06-07',0,19,'POS Purchase','A&W #4719                OTTAWA       ON','visa',6,2014,7,0,9,17);
INSERT INTO `transactions` VALUES (117,'2014-06-07',0,2,'POS Purchase','CITY OF OTTAWA PARKING   TORONTO      ON','visa',6,2014,7,0,1,5);
INSERT INTO `transactions` VALUES (118,'2014-06-08',0,21,'POS Purchase','IKEA OTTAWA              OTTAWA       ON','visa',6,2014,8,0,47,23);
INSERT INTO `transactions` VALUES (119,'2014-06-08',0,50,'POS Purchase','SHELL 1183 PINECREST RD  OTTAWA       ON','visa',6,2014,8,0,22,20);
INSERT INTO `transactions` VALUES (120,'2014-06-09',0,21,'POS Purchase','WAL-MART STORE#3066      OTTAWA       ON','visa',6,2014,9,0,42,15);
INSERT INTO `transactions` VALUES (121,'2014-06-10',0,510,'POS Purchase','All Season tires purchase from CDN TIRE STORE #00258    NEPEAN       ON','visa',6,2014,10,0,48,22);
INSERT INTO `transactions` VALUES (122,'2014-06-10',0,28,'POS Purchase','CDN TIRE STORE #00258    NEPEAN       ON','visa',6,2014,10,0,48,22);
INSERT INTO `transactions` VALUES (123,'2014-06-11',0,10,'POS Purchase','WINNERS 214              NEPEAN       ON','visa',6,2014,11,0,49,19);
INSERT INTO `transactions` VALUES (124,'2014-06-11',226,0,'POS Purchase','CREDIT VOUCHER/RETURN CDN TIRE STORE #00258    NEPEAN       ON','visa',6,2014,11,0,48,22);
INSERT INTO `transactions` VALUES (125,'2014-06-11',0,418,'POS Purchase','Two Bikes purchase CDN TIRE STORE #00258    NEPEAN       ON','visa',6,2014,11,0,48,22);
INSERT INTO `transactions` VALUES (126,'2014-06-12',0,7,'SCCP INSURANCE PREMIUM','SCCP INSURANCE PREMIUM','visa',6,2014,12,0,23,6);
INSERT INTO `transactions` VALUES (127,'2014-06-15',0,814,'POS Purchase','SOFA WORLD               NEPEAN       ON','visa',6,2014,15,0,40,23);
INSERT INTO `transactions` VALUES (128,'2014-06-16',0,10,'POS Purchase','VINCI PARK - CATHERINE   OTTAWA       ON','visa',6,2014,16,0,21,5);
INSERT INTO `transactions` VALUES (129,'2014-06-17',1100,0,'POS Purchase','PC - PAYMENT           FROM - *****11*9224','visa',6,2014,17,1,1,3);
INSERT INTO `transactions` VALUES (130,'2014-06-17',0,50,'POS Purchase','STAPLES STORE #7         NEPEAN       ON','visa',6,2014,17,0,32,11);
INSERT INTO `transactions` VALUES (131,'2014-06-17',0,4,'POS Purchase','STAPLES STORE #7         NEPEAN       ON','visa',6,2014,17,0,32,11);
INSERT INTO `transactions` VALUES (132,'2014-06-17',0,2,'POS Purchase','STAPLES STORE #7         NEPEAN       ON','visa',6,2014,17,0,32,11);
INSERT INTO `transactions` VALUES (133,'2014-06-19',0,1040,'POS Purchase','CITIZENSHIP & IMM ON-LINEOTTAWA       ON','visa',6,2014,19,0,1,7);
INSERT INTO `transactions` VALUES (134,'2014-06-30',0,15,'POS Purchase','SUBWAY                   OTTAWA       ON','visa',6,2014,30,0,35,17);
INSERT INTO `transactions` VALUES (135,'2014-06-30',0,10,'POS Purchase','VINCI PARK - CATHERINE   OTTAWA       ON','visa',6,2014,30,0,21,5);
INSERT INTO `transactions` VALUES (136,'2014-06-30',1236,0,'POS Purchase','PC - PAYMENT           FROM - *****11*9224','visa',6,2014,30,1,1,3);
INSERT INTO `transactions` VALUES (137,'2014-07-01',0,63,'POS Purchase','168 SUSHI JAPAN BUFFET   OTTAWA       ON','visa',7,2014,1,0,5,17);
INSERT INTO `transactions` VALUES (138,'2014-07-02',0,53,'POS Purchase','MAGICJACK.COM PHONE      561-594-2140 FL AMT            48.51 UNITED STATES DOLLAR','visa',7,2014,2,0,65,2);
INSERT INTO `transactions` VALUES (139,'2014-07-02',0,27,'POS Purchase','ELMVALE ACRES HOME HWR   OTTAWA       ON','visa',7,2014,2,0,50,22);
INSERT INTO `transactions` VALUES (140,'2014-07-02',0,20,'POS Purchase','PRESTO                   TORONTO      ON','visa',7,2014,2,0,46,14);
INSERT INTO `transactions` VALUES (141,'2014-07-02',0,11,'POS Purchase','HARVEYS 0002228          OTTAWA       ON','visa',7,2014,2,0,38,17);
INSERT INTO `transactions` VALUES (142,'2014-07-02',0,3,'POS Purchase','SHOPPERS DRUG MART       OTTAWA       ON','visa',7,2014,2,0,34,10);
INSERT INTO `transactions` VALUES (143,'2014-07-03',0,50,'POS Purchase','PIONEER STN #154         OTTAWA       ON','visa',7,2014,3,0,19,20);
INSERT INTO `transactions` VALUES (144,'2014-07-03',0,3,'POS Purchase','TIM HORTONS 0710 QTH     OTTAWA       ON','visa',7,2014,3,0,59,17);
INSERT INTO `transactions` VALUES (145,'2014-07-04',0,27,'POS Purchase','CAPITAL HOME HARDWARE    OTTAWA       ON','visa',7,2014,4,0,50,22);
INSERT INTO `transactions` VALUES (146,'2014-07-04',0,20,'POS Purchase','PRESTO                   TORONTO      ON','visa',7,2014,4,0,46,14);
INSERT INTO `transactions` VALUES (147,'2014-07-04',0,1,'POS Purchase','TIM HORTONS 0710 QTH     OTTAWA       ON','visa',7,2014,4,0,59,17);
INSERT INTO `transactions` VALUES (148,'2014-07-05',0,104,'POS Purchase','FOOD BASICS #900         OTTAWA       ON','visa',7,2014,5,0,45,15);
INSERT INTO `transactions` VALUES (149,'2014-07-05',0,20,'POS Purchase','PRESTO                   TORONTO      ON','visa',7,2014,5,0,46,14);
INSERT INTO `transactions` VALUES (150,'2014-07-05',0,59,'POS Purchase','CDN TIRE STORE #00442    BARRHAVEN    ON','visa',7,2014,5,0,48,22);
INSERT INTO `transactions` VALUES (151,'2014-07-06',0,19,'POS Purchase','GIANT TIGER #122         GLOUCESTER   ON','visa',7,2014,6,0,20,19);
INSERT INTO `transactions` VALUES (152,'2014-07-07',0,23,'POS Purchase','SHOPPERS DRUG MART       OTTAWA       ON','visa',7,2014,7,0,34,10);
INSERT INTO `transactions` VALUES (153,'2014-07-07',0,11,'POS Purchase','MID EAST FOOD CENTRE     OTTAWA       ON','visa',7,2014,7,0,4,15);
INSERT INTO `transactions` VALUES (154,'2014-07-09',0,26,'POS Purchase','THAI EXPRESS HAI048      OTTAWA       ON','visa',7,2014,9,0,8,17);
INSERT INTO `transactions` VALUES (155,'2014-07-09',0,71,'POS Purchase','SPORT CHEK #398          ORLEANS      ON','visa',7,2014,9,0,52,19);
INSERT INTO `transactions` VALUES (156,'2014-07-09',0,15,'POS Purchase','SEARS ST LAURENT OTTAWA  OTTAWA       ON','visa',7,2014,9,0,18,19);
INSERT INTO `transactions` VALUES (157,'2014-07-09',0,20,'POS Purchase','JOE FRESH ST. LAURENT    OTTAWA       ON','visa',7,2014,9,0,17,19);
INSERT INTO `transactions` VALUES (158,'2014-07-09',0,3,'POS Purchase','STARBUCKS 17650          OTTAWA       ON','visa',7,2014,9,0,60,17);
INSERT INTO `transactions` VALUES (159,'2014-07-09',0,4,'POS Purchase','SECOND CUP 9017          OTTAWA       ON','visa',7,2014,9,0,16,17);
INSERT INTO `transactions` VALUES (160,'2014-07-11',0,46,'POS Purchase','PIONEER STN #154         OTTAWA       ON','visa',7,2014,11,0,19,20);
INSERT INTO `transactions` VALUES (161,'2014-07-11',0,19,'POS Purchase','ELMVALE ACRES HOME HWR   OTTAWA       ON','visa',7,2014,11,0,50,22);
INSERT INTO `transactions` VALUES (162,'2014-07-11',0,11,'POS Purchase','HARVEYS 0002228          OTTAWA       ON','visa',7,2014,11,0,38,17);
INSERT INTO `transactions` VALUES (163,'2014-07-12',0,174,'POS Purchase','IKEA OTTAWA              OTTAWA       ON','visa',7,2014,12,0,47,23);
INSERT INTO `transactions` VALUES (164,'2014-07-12',0,28,'POS Purchase','BEST BUY #928            NEPEAN       ON','visa',7,2014,12,0,44,13);
INSERT INTO `transactions` VALUES (165,'2014-07-12',0,17,'POS Purchase','WAL-MART STORE#1158      GLOUCESTER   ON','visa',7,2014,12,0,42,15);
INSERT INTO `transactions` VALUES (166,'2014-07-14',231,0,'POS Purchase','ANNUAL MONEYBACK REWARD','visa',7,2014,14,0,23,4);
INSERT INTO `transactions` VALUES (167,'2014-07-14',0,71,'POS Purchase','FOOD BASICS #900         OTTAWA       ON','visa',7,2014,14,0,45,15);
INSERT INTO `transactions` VALUES (168,'2014-07-14',0,11,'SCCP INSURANCE PREMIUM','SCCP INSURANCE PREMIUM','visa',7,2014,14,0,23,6);
INSERT INTO `transactions` VALUES (169,'2014-07-16',0,23,'POS Purchase','SHOPPERS DRUG MART       OTTAWA       ON','visa',7,2014,16,0,34,10);
INSERT INTO `transactions` VALUES (170,'2014-07-19',0,12,'POS Purchase','TUDOR HALL               OTTAWA       ON','visa',7,2014,19,0,3,17);
INSERT INTO `transactions` VALUES (171,'2014-07-20',0,49,'POS Purchase','PIONEER STN #154         OTTAWA       ON','visa',7,2014,20,0,19,20);
INSERT INTO `transactions` VALUES (172,'2014-07-20',0,40,'POS Purchase','ALDO ACCESSORIES # 1318  OTTAWA       ON','visa',7,2014,20,0,53,20);
INSERT INTO `transactions` VALUES (173,'2014-07-20',0,23,'POS Purchase','LOBLAW #1050             OTTAWA       ON','visa',7,2014,20,0,58,15);
INSERT INTO `transactions` VALUES (174,'2014-07-20',0,16,'POS Purchase','SPORTS EXPERTS #499      OTTAWA       ON','visa',7,2014,20,0,13,19);
INSERT INTO `transactions` VALUES (175,'2014-07-20',0,10,'POS Purchase','TIM HORTONS 2407 QTH     OTTAWA       ON','visa',7,2014,20,0,59,17);
INSERT INTO `transactions` VALUES (176,'2014-07-21',900,0,'POS Purchase','PC - PAYMENT           FROM - *****11*9224','visa',7,2014,21,1,1,3);
INSERT INTO `transactions` VALUES (177,'2014-07-21',0,58,'POS Purchase','BIG RIG KITCHEN BREWERY  OTTAWA       ON','visa',7,2014,21,0,6,17);
INSERT INTO `transactions` VALUES (178,'2014-07-21',0,20,'POS Purchase','PRESTO                   TORONTO      ON','visa',7,2014,21,0,46,14);
INSERT INTO `transactions` VALUES (179,'2014-07-22',0,20,'POS Purchase','PRESTO                   TORONTO      ON','visa',7,2014,22,0,46,14);
INSERT INTO `transactions` VALUES (180,'2014-07-25',0,210,'POS Purchase','PASSPORT/PASSEPORT,OTT   OTTAWA       ON','visa',7,2014,25,0,1,7);
INSERT INTO `transactions` VALUES (181,'2014-07-25',0,28,'POS Purchase','TOYS R US #3531          OTTAWA       ON','visa',7,2014,25,0,15,1);
INSERT INTO `transactions` VALUES (182,'2014-07-25',0,18,'POS Purchase','ARZ LEBANESE FINE CUISINEOTTAWA       ON','visa',7,2014,25,0,7,17);
INSERT INTO `transactions` VALUES (183,'2014-07-25',0,3,'POS Purchase','TIM HORTONS 0710 QTH     OTTAWA       ON','visa',7,2014,25,0,59,17);
INSERT INTO `transactions` VALUES (184,'2014-07-26',0,43,'POS Purchase','HOMESENSE 004            OTTAWA       ON','visa',7,2014,26,0,57,23);
INSERT INTO `transactions` VALUES (185,'2014-07-27',0,20,'POS Purchase','PRESTO                   TORONTO      ON','visa',7,2014,27,0,46,14);
INSERT INTO `transactions` VALUES (186,'2014-07-27',0,14,'POS Purchase','LOBLAW SUPERMARKET #10   GLOUCESTER   ON','visa',7,2014,27,0,58,15);
INSERT INTO `transactions` VALUES (187,'2014-07-27',0,6,'POS Purchase','FOOD BASICS #896         GLOUCESTER   ON','visa',7,2014,27,0,45,15);
INSERT INTO `transactions` VALUES (188,'2014-07-27',0,40,'POS Purchase','ESSO 2545 BASELINE ROAD  OTTAWA       ON','visa',7,2014,27,0,53,20);
INSERT INTO `transactions` VALUES (189,'2014-07-28',0,2,'POS Purchase','TIM HORTONS 0710 QTH     OTTAWA       ON','visa',7,2014,28,0,59,17);
INSERT INTO `transactions` VALUES (190,'2014-07-28',0,16,'POS Purchase','WAL-MART STORE#3066      OTTAWA       ON','visa',7,2014,28,0,42,15);
INSERT INTO `transactions` VALUES (191,'2014-07-29',0,1,'POS Purchase','TIM HORTONS 0710 QTH     OTTAWA       ON','visa',7,2014,29,0,59,17);
INSERT INTO `transactions` VALUES (192,'2014-07-30',0,171,'POS Purchase','HOSTPAPA                 OAKVILLE     ON','visa',7,2014,30,0,3,2);
INSERT INTO `transactions` VALUES (193,'2014-07-31',0,1,'POS Purchase','TIM HORTONS 0710 QTH     OTTAWA       ON','visa',7,2014,31,0,59,17);
INSERT INTO `transactions` VALUES (194,'2014-07-31',850,0,'POS Purchase','PC - PAYMENT           FROM - *****11*9224','visa',7,2014,31,1,1,3);
INSERT INTO `transactions` VALUES (195,'2014-08-01',171,0,'POS Purchase','CREDIT VOUCHER/RETURN HOSTPAPA                 OAKVILLE     ON','visa',8,2014,1,0,1,1);
INSERT INTO `transactions` VALUES (196,'2014-08-02',0,14,'POS Purchase','WINNERS 214              NEPEAN       ON','visa',8,2014,2,0,49,19);
INSERT INTO `transactions` VALUES (197,'2014-08-02',0,34,'POS Purchase','ESSO 1584 MERIVALE RD    NEPEAN       ON','visa',8,2014,2,0,53,20);
INSERT INTO `transactions` VALUES (198,'2014-08-02',0,42,'POS Purchase','WAL-MART SUPERCENTER#1110OTTAWA       ON','visa',8,2014,2,0,42,15);
INSERT INTO `transactions` VALUES (199,'2014-08-02',0,4,'POS Purchase','TIM HORTONS 3953 QTH     GATINEAU     QC','visa',8,2014,2,0,59,17);
INSERT INTO `transactions` VALUES (200,'2014-08-03',0,27,'POS Purchase','BILLETTERIE/S.A.C.       MT-TREMBLANT QC','visa',8,2014,3,0,3,17);
INSERT INTO `transactions` VALUES (201,'2014-08-03',0,12,'POS Purchase','BILLETTERIE/S.A.C.       MT-TREMBLANT QC','visa',8,2014,3,0,3,17);
INSERT INTO `transactions` VALUES (202,'2014-08-03',0,11,'POS Purchase','RESTAURANT MONT-TREMBLANTMT-TREMBLANT QC','visa',8,2014,3,0,3,17);
INSERT INTO `transactions` VALUES (203,'2014-08-04',0,88,'POS Purchase','FAT MARDIS               MONT TREMBLANQC','visa',8,2014,4,0,3,17);
INSERT INTO `transactions` VALUES (204,'2014-08-04',0,78,'POS Purchase','CREPERIE CATHERINE ET PLUMONT-TREMBLANQC','visa',8,2014,4,0,3,17);
INSERT INTO `transactions` VALUES (205,'2014-08-04',0,12,'POS Purchase','CTRE NAUTIQUE PIERRE P   MONT-TREMBLANQC','visa',8,2014,4,0,3,17);
INSERT INTO `transactions` VALUES (206,'2014-08-04',6,0,'POS Purchase','CREDIT VOUCHER/RETURN STN MONT.TREMBLANT H/GOLFMONT TREMBLANQC','visa',8,2014,4,0,1,1);
INSERT INTO `transactions` VALUES (207,'2014-08-04',0,12,'POS Purchase','STATION MONT TREMBLANT   MONT-TREMBLANQC','visa',8,2014,4,0,3,17);
INSERT INTO `transactions` VALUES (208,'2014-08-04',0,10,'POS Purchase','RESTAURANT MONT-TREMBLANTMT-TREMBLANT QC','visa',8,2014,4,0,3,17);
INSERT INTO `transactions` VALUES (209,'2014-08-04',0,8,'POS Purchase','BEAVERTAILS              MONT-TREMBLANQC','visa',8,2014,4,0,81,17);
INSERT INTO `transactions` VALUES (210,'2014-08-04',0,2,'POS Purchase','CTRE NAUTIQUE PIERRE P   MONT-TREMBLANQC','visa',8,2014,4,0,3,17);
INSERT INTO `transactions` VALUES (211,'2014-08-04',0,379,'POS Purchase','Hotel STN MONT.TREMBLANT H/GOLFMONT TREMBLANQC','visa',8,2014,4,0,3,18);
INSERT INTO `transactions` VALUES (212,'2014-08-06',0,41,'POS Purchase','PIONEER STN #154         OTTAWA       ON','visa',8,2014,6,0,19,20);
INSERT INTO `transactions` VALUES (213,'2014-08-06',0,20,'POS Purchase','PRESTO                   TORONTO      ON','visa',8,2014,6,0,46,14);
INSERT INTO `transactions` VALUES (214,'2014-08-06',0,54,'POS Purchase','FOOD BASICS #896         GLOUCESTER   ON','visa',8,2014,6,0,45,15);
INSERT INTO `transactions` VALUES (215,'2014-08-07',0,1,'POS Purchase','Amazon Digital Dwnlds    www.Amazon.caON','visa',8,2014,7,0,79,19);
INSERT INTO `transactions` VALUES (216,'2014-08-08',0,2,'POS Purchase','Amazon.com               AMZN.COM/BILLWA AMT             1.89 UNITED STATES DOLLAR','visa',8,2014,8,0,79,19);
INSERT INTO `transactions` VALUES (217,'2014-08-09',0,80,'POS Purchase','HAKIM OPTICAL #110       OTTAWA       ON','visa',8,2014,9,0,78,24);
INSERT INTO `transactions` VALUES (218,'2014-08-10',0,33,'POS Purchase','WAL-MART STORE#1158      GLOUCESTER   ON','visa',8,2014,10,0,42,15);
INSERT INTO `transactions` VALUES (219,'2014-08-11',168,0,'POS Purchase','CREDIT VOUCHER/RETURN IKEA OTTAWA              OTTAWA       ON','visa',8,2014,11,0,47,23);
INSERT INTO `transactions` VALUES (220,'2014-08-11',0,20,'POS Purchase','PRESTO                   TORONTO      ON','visa',8,2014,11,0,46,14);
INSERT INTO `transactions` VALUES (221,'2014-08-11',0,1,'POS Purchase','IKEA OTTAWA              OTTAWA       ON','visa',8,2014,11,0,47,23);
INSERT INTO `transactions` VALUES (222,'2014-08-13',0,15,'SCCP INSURANCE PREMIUM','SCCP INSURANCE PREMIUM','visa',8,2014,13,0,23,6);
INSERT INTO `transactions` VALUES (223,'2014-08-14',0,20,'POS Purchase','PRESTO                   TORONTO      ON','visa',8,2014,14,0,46,14);
INSERT INTO `transactions` VALUES (224,'2014-08-15',0,41,'POS Purchase','FOOD BASICS #896         GLOUCESTER   ON','visa',8,2014,15,0,45,15);
INSERT INTO `transactions` VALUES (225,'2014-08-16',585,0,'POS Purchase','PC - PAYMENT           FROM - *****11*9224','visa',8,2014,16,1,1,3);
INSERT INTO `transactions` VALUES (226,'2014-08-16',0,100,'POS Purchase','CITIZENSHIP & IMM ON-LINEOTTAWA       ON','visa',8,2014,16,0,1,7);
INSERT INTO `transactions` VALUES (227,'2014-08-16',0,21,'POS Purchase','FAMOUS PLAYER (Cinema) 7428QPS    GLOUCESTER   ON','visa',8,2014,16,0,3,7);
INSERT INTO `transactions` VALUES (228,'2014-08-17',0,34,'POS Purchase','ROAM MOBILITY            RICHMOND     BC','visa',8,2014,17,0,75,16);
INSERT INTO `transactions` VALUES (229,'2014-08-18',0,40,'POS Purchase','BLUE LINE 1029 TAXITAB   OTTAWA       ON','visa',8,2014,18,0,63,14);
INSERT INTO `transactions` VALUES (230,'2014-08-18',0,11,'POS Purchase','NANAS SOUL FOOD KITCHEN  CHARLOTTE    NC AMT            10.27 UNITED STATES DOLLAR','visa',8,2014,18,0,74,17);
INSERT INTO `transactions` VALUES (231,'2014-08-18',0,13,'POS Purchase','BELK CAFE                CHARLOTTE    NC AMT            11.54 UNITED STATES DOLLAR','visa',8,2014,18,0,3,17);
INSERT INTO `transactions` VALUES (232,'2014-08-19',200,0,'POS Purchase','PC - PAYMENT           FROM - *****11*9224','visa',8,2014,19,1,1,3);
INSERT INTO `transactions` VALUES (233,'2014-08-19',0,26,'POS Purchase','JOCKS & JILLS SPORTS GRILCHARLOTTE    NC AMT            23.08 UNITED STATES DOLLAR','visa',8,2014,19,0,73,17);
INSERT INTO `transactions` VALUES (234,'2014-08-19',0,23,'POS Purchase','HYATT PLACE CHAR/CTYPRKFBCHARLOTTE    NC AMT            20.84 UNITED STATES DOLLAR','visa',8,2014,19,0,67,18);
INSERT INTO `transactions` VALUES (235,'2014-08-19',0,4,'POS Purchase','LAKE POINTE SUNDRIES     CHARLOTTE    NC AMT             3.19 UNITED STATES DOLLAR','visa',8,2014,19,0,3,17);
INSERT INTO `transactions` VALUES (236,'2014-08-19',0,13,'POS Purchase','BELK CAFE                CHARLOTTE    NC AMT            11.33 UNITED STATES DOLLAR','visa',8,2014,19,0,3,17);
INSERT INTO `transactions` VALUES (237,'2014-08-19',0,2,'POS Purchase','BELK CAFE                CHARLOTTE    NC AMT             2.05 UNITED STATES DOLLAR','visa',8,2014,19,0,3,17);
INSERT INTO `transactions` VALUES (238,'2014-08-20',0,16,'POS Purchase','JOCKS & JILLS SPORTS GRILCHARLOTTE    NC AMT            14.43 UNITED STATES DOLLAR','visa',8,2014,20,0,73,17);
INSERT INTO `transactions` VALUES (239,'2014-08-20',0,11,'POS Purchase','JERSEY MIKE\'S SUBS 3126  CHARLOTTE    NC AMT            10.00 UNITED STATES DOLLAR','visa',8,2014,20,0,72,17);
INSERT INTO `transactions` VALUES (240,'2014-08-20',0,3,'POS Purchase','LAKE POINTE SUNDRIES     CHARLOTTE    NC AMT             2.77 UNITED STATES DOLLAR','visa',8,2014,20,0,3,17);
INSERT INTO `transactions` VALUES (241,'2014-08-20',0,4,'POS Purchase','BELK CAFE                CHARLOTTE    NC AMT             3.12 UNITED STATES DOLLAR','visa',8,2014,20,0,3,17);
INSERT INTO `transactions` VALUES (242,'2014-08-21',0,28,'POS Purchase','USAIRWAYS   0372370437408CHARLOTTE    NC AMT            25.00 UNITED STATES DOLLAR','visa',8,2014,21,0,70,18);
INSERT INTO `transactions` VALUES (243,'2014-08-21',0,15,'POS Purchase','EINSTEIN\'S BROS BAGEL    CHARLOTTE    NC AMT            13.34 UNITED STATES DOLLAR','visa',8,2014,21,0,71,17);
INSERT INTO `transactions` VALUES (244,'2014-08-21',0,13,'POS Purchase','BELK CAFE                CHARLOTTE    NC AMT            11.31 UNITED STATES DOLLAR','visa',8,2014,21,0,3,17);
INSERT INTO `transactions` VALUES (245,'2014-08-21',0,39,'POS Purchase','OTTAWA TAXI              NEPEAN       ON','visa',8,2014,21,0,69,18);
INSERT INTO `transactions` VALUES (246,'2014-08-21',0,5,'POS Purchase','THE PARADIES SHOPS, LLC  CHARLOTTE    NC AMT             4.82 UNITED STATES DOLLAR','visa',8,2014,21,0,3,17);
INSERT INTO `transactions` VALUES (247,'2014-08-22',0,463,'POS Purchase','HYATT PLACE CHARLOTTE/CP CHARLOTTE    NC AMT           411.45 UNITED STATES DOLLAR','visa',8,2014,22,0,67,18);
INSERT INTO `transactions` VALUES (248,'2014-08-23',0,344,'POS Purchase','IKEA OTTAWA              OTTAWA       ON','visa',8,2014,23,0,47,23);
INSERT INTO `transactions` VALUES (249,'2014-08-23',0,52,'POS Purchase','MONTANAS COOKHOUSE 305   GLOUCESTER   ON','visa',8,2014,23,0,66,17);
INSERT INTO `transactions` VALUES (250,'2014-08-25',0,43,'POS Purchase','MAGICJACK.COM RENEWAL    561-594-2140 FL AMT            37.73 UNITED STATES DOLLAR','visa',8,2014,25,0,65,2);
INSERT INTO `transactions` VALUES (251,'2014-08-26',0,29,'POS Purchase','BLUE LINE 1147 TAXITAB   OTTAWA       ON','visa',8,2014,26,0,63,14);
INSERT INTO `transactions` VALUES (252,'2014-08-26',0,38,'POS Purchase','WAL-MART SUPERCENTER#3638BARRHAVEN    ON','visa',8,2014,26,0,42,15);
INSERT INTO `transactions` VALUES (253,'2014-08-26',0,2,'POS Purchase','CAF YMCA YWCA            OTTAWA       ON','visa',8,2014,26,0,30,7);
INSERT INTO `transactions` VALUES (254,'2014-08-26',0,2,'POS Purchase','BED BATH & BEYOND #2011  BARRHAVEN    ON','visa',8,2014,26,0,64,23);
INSERT INTO `transactions` VALUES (255,'2014-08-27',0,224,'POS Purchase','IKEA OTTAWA              OTTAWA       ON','visa',8,2014,27,0,47,23);
INSERT INTO `transactions` VALUES (256,'2014-08-28',0,11,'POS Purchase','SUBWAY                   OTTAWA       ON','visa',8,2014,28,0,35,17);
INSERT INTO `transactions` VALUES (257,'2014-08-29',800,0,'POS Purchase','PC - PAYMENT           FROM - *****11*9224','visa',8,2014,29,1,1,3);
INSERT INTO `transactions` VALUES (258,'2014-08-30',0,7,'POS Purchase','SHOPPER\'S DRUG MART #1528NEPEAN       ON','visa',8,2014,30,0,34,10);
INSERT INTO `transactions` VALUES (259,'2014-08-29',0,15,'POS Purchase','WAL-MART #1110           OTTAW','checking',8,2014,29,0,42,15);
INSERT INTO `transactions` VALUES (260,'2014-08-29',0,91,'POS Purchase','COSTCO WHOLESALE #540    NEPEA','checking',8,2014,29,0,43,15);
INSERT INTO `transactions` VALUES (261,'2014-08-29',0,47,'POS Purchase','MEADOWLANDS ESSO         NEPEA','checking',8,2014,29,0,53,20);
INSERT INTO `transactions` VALUES (262,'2014-08-29',0,800,'Customer Transfer Dr.','PC TO SavingsAccount','checking',8,2014,29,1,1,3);
INSERT INTO `transactions` VALUES (263,'2014-08-29',0,16,'POS Purchase','THE FARM TEAM            OTTAW','checking',8,2014,29,0,62,17);
INSERT INTO `transactions` VALUES (264,'2014-08-29',2631,0,'Payroll Deposit','My Employer INC','checking',8,2014,29,0,1,1);
INSERT INTO `transactions` VALUES (265,'2014-08-28',0,71,'POS Purchase','FOOD BASICS #896         GLOUC','checking',8,2014,28,0,45,15);
INSERT INTO `transactions` VALUES (266,'2014-08-27',0,360,'ABM Withdrawal','','checking',8,2014,27,0,23,4);
INSERT INTO `transactions` VALUES (267,'2014-08-27',0,7,'POS Purchase','DOLLARAMA # 797          OTTAW','checking',8,2014,27,0,36,11);
INSERT INTO `transactions` VALUES (268,'2014-08-27',0,20,'POS Purchase','DOLLARAMA # 433          NEPEA','checking',8,2014,27,0,36,11);
INSERT INTO `transactions` VALUES (269,'2014-08-27',0,10,'POS Purchase','WINNERS 253              OTTAW','checking',8,2014,27,0,49,19);
INSERT INTO `transactions` VALUES (270,'2014-08-26',0,11,'POS Purchase','DAMAS SUPERMARKET        OTTAW','checking',8,2014,26,0,61,15);
INSERT INTO `transactions` VALUES (271,'2014-08-25',200,0,'Customer Transfer Cr.','PC FROM SavingsAccount3','checking',8,2014,25,1,1,3);
INSERT INTO `transactions` VALUES (272,'2014-08-25',0,15,'POS Purchase','XS CARGO OTTAWA #203     NEPEA','checking',8,2014,25,0,33,11);
INSERT INTO `transactions` VALUES (273,'2014-08-25',0,103,'POS Purchase','COSTCO WHOLESALE #540    NEPEA','checking',8,2014,25,0,43,15);
INSERT INTO `transactions` VALUES (274,'2014-08-22',0,719,'Mortgage Payment','MORTGAGE #2827805','checking',8,2014,22,0,23,12);
INSERT INTO `transactions` VALUES (275,'2014-08-20',0,26,'Service Charge','MONTHLY FEES','checking',8,2014,20,0,23,4);
INSERT INTO `transactions` VALUES (276,'2014-08-20',0,5,'Overdraft Protect. Fee','','checking',8,2014,20,0,23,4);
INSERT INTO `transactions` VALUES (277,'2014-08-20',0,1,'Overdraft Interest','','checking',8,2014,20,0,23,4);
INSERT INTO `transactions` VALUES (278,'2014-08-19',0,200,'Customer Transfer Dr.','PC TO SavingsAccount','checking',8,2014,19,1,1,3);
INSERT INTO `transactions` VALUES (279,'2014-08-18',0,22,'POS Purchase','LOBLAW SUPERMARKET #10   GLOUC','checking',8,2014,18,0,58,15);
INSERT INTO `transactions` VALUES (280,'2014-08-16',0,791,'POS Purchase','JYSK 908 HUNT CLUB       NEPEA','checking',8,2014,16,0,76,23);
INSERT INTO `transactions` VALUES (281,'2014-08-16',0,24,'POS Purchase','DOLLARAMA # 797          OTTAW','checking',8,2014,16,0,36,11);
INSERT INTO `transactions` VALUES (282,'2014-08-16',0,585,'Customer Transfer Dr.','PC TO SavingsAccount','checking',8,2014,16,1,1,3);
INSERT INTO `transactions` VALUES (283,'2014-08-15',0,58,'Miscellaneous Payment','OTTAWA YM-YWCA','checking',8,2014,15,0,30,7);
INSERT INTO `transactions` VALUES (284,'2014-08-15',2503,0,'Payroll Deposit','My Employer INC','checking',8,2014,15,0,1,1);
INSERT INTO `transactions` VALUES (285,'2014-08-14',0,33,'POS Purchase','PIONEER STN #154         OTTAW','checking',8,2014,14,0,19,20);
INSERT INTO `transactions` VALUES (286,'2014-08-13',0,5,'POS Purchase','TARGET CANADA T3628      NEPEA','checking',8,2014,13,0,77,19);
INSERT INTO `transactions` VALUES (287,'2014-08-13',0,12,'POS Purchase','WINNERS/HOMESENSE 378/083NEPEA','checking',8,2014,13,0,49,19);
INSERT INTO `transactions` VALUES (288,'2014-08-11',0,6,'POS Purchase','IKEA OTTAWA              OTTAW','checking',8,2014,11,0,47,23);
INSERT INTO `transactions` VALUES (289,'2014-08-11',531,0,'DEPOSIT','bank','checking',8,2014,11,0,23,4);
INSERT INTO `transactions` VALUES (290,'2014-08-11',550,0,'Customer Transfer Cr.','PC FROM SavingsAccount3','checking',8,2014,11,1,1,3);
INSERT INTO `transactions` VALUES (291,'2014-08-09',0,38,'POS Purchase','COSTCO WHOLESALE #540    NEPEA','checking',8,2014,9,0,43,15);
INSERT INTO `transactions` VALUES (292,'2014-08-09',0,170,'POS Purchase','COSTCO WHOLESALE #540    NEPEA','checking',8,2014,9,0,43,15);
INSERT INTO `transactions` VALUES (293,'2014-08-08',0,771,'Mortgage Payment','MORTGAGE #2827805','checking',8,2014,8,0,23,12);
INSERT INTO `transactions` VALUES (294,'2014-08-06',0,55,'Bill Payment','ENBRIDGE','checking',8,2014,6,0,29,8);
INSERT INTO `transactions` VALUES (295,'2014-08-06',0,34,'Bill Payment','HYDRO OTTAWA','checking',8,2014,6,0,28,9);
INSERT INTO `transactions` VALUES (296,'2014-08-05',0,216,'Loans','BANK OF MONTREAL','checking',8,2014,5,0,26,21);
INSERT INTO `transactions` VALUES (297,'2014-08-05',0,10,'Miscellaneous Payment','PAYPAL PTE LTD','checking',8,2014,5,0,80,2);
INSERT INTO `transactions` VALUES (298,'2014-08-05',0,254,'Insurance','JOHNSON/UNIFUND','checking',8,2014,5,0,24,6);
INSERT INTO `transactions` VALUES (299,'2014-08-02',50,0,'ABM Deposit','bank','checking',8,2014,2,0,23,4);
INSERT INTO `transactions` VALUES (300,'2014-08-01',0,297,'Miscellaneous Payment','R DIXON MNGT','checking',8,2014,1,0,27,11);
INSERT INTO `transactions` VALUES (301,'2014-08-01',0,109,'POS Purchase','COSTCO WHOLESALE #540    NEPEA','checking',8,2014,1,0,43,15);
INSERT INTO `transactions` VALUES (302,'2014-08-01',16,0,'POS Return','COSTCO WHOLESALE #540    NEPEA','checking',8,2014,1,0,43,15);
INSERT INTO `transactions` VALUES (303,'2014-08-01',0,95,'POS Purchase','MTO DRIVETEST N35        TORON','checking',8,2014,1,0,1,1);
INSERT INTO `transactions` VALUES (304,'2014-08-01',0,27,'Mortgage Payment','MORTGAGE #2827805','checking',8,2014,1,0,23,12);
INSERT INTO `transactions` VALUES (305,'2014-09-30',0,202,'Bill Payment','ROGERS WIRELESS PRE-AUTH DR','checking',9,2014,30,0,39,16);
INSERT INTO `transactions` VALUES (306,'2014-09-30',0,24,'POS Purchase','IKEA OTTAWA              OTTAW','checking',9,2014,30,0,47,23);
INSERT INTO `transactions` VALUES (307,'2014-09-30',0,5,'POS Purchase','IKEA OTTAWA              OTTAW','checking',9,2014,30,0,47,23);
INSERT INTO `transactions` VALUES (308,'2014-09-30',2631,0,'Payroll Deposit','My Employer INC','checking',9,2014,30,0,1,1);
INSERT INTO `transactions` VALUES (309,'2014-09-29',0,54,'POS Purchase','WAL-MART #1110           OTTAW','checking',9,2014,29,0,42,15);
INSERT INTO `transactions` VALUES (310,'2014-09-29',0,21,'POS Purchase','WAL-MART #1110           OTTAW','checking',9,2014,29,0,42,15);
INSERT INTO `transactions` VALUES (311,'2014-09-24',0,400,'ABM Withdrawal','','checking',9,2014,24,0,1,1);
INSERT INTO `transactions` VALUES (312,'2014-09-22',0,300,'Customer Transfer Dr.','PC TO SavingsAccount','checking',9,2014,22,1,1,3);
INSERT INTO `transactions` VALUES (313,'2014-09-20',0,33,'Service Charge','MONTHLY FEES','checking',9,2014,20,0,1,1);
INSERT INTO `transactions` VALUES (314,'2014-09-19',0,113,'POS Purchase','COSTCO WHOLESALE #540    NEPEA','checking',9,2014,19,0,43,15);
INSERT INTO `transactions` VALUES (315,'2014-09-19',0,39,'POS Purchase','MEADOWLANDS ESSO         NEPEA','checking',9,2014,19,0,53,20);
INSERT INTO `transactions` VALUES (316,'2014-09-19',0,19,'POS Purchase','WAL-MART #1110           OTTAW','checking',9,2014,19,0,42,15);
INSERT INTO `transactions` VALUES (317,'2014-09-19',0,9,'POS Purchase','WAL-MART #1110           OTTAW','checking',9,2014,19,0,42,15);
INSERT INTO `transactions` VALUES (318,'2014-09-19',0,37,'POS Purchase','WAL-MART #1110           OTTAW','checking',9,2014,19,0,42,15);
INSERT INTO `transactions` VALUES (319,'2014-09-19',0,719,'Mortgage Payment','MORTGAGE #2827805','checking',9,2014,19,0,1,1);
INSERT INTO `transactions` VALUES (320,'2014-09-16',0,8,'POS Purchase','DOLLARAMA # 433          NEPEA','checking',9,2014,16,0,36,11);
INSERT INTO `transactions` VALUES (321,'2014-09-16',0,44,'POS Purchase','WAL-MART #1110           OTTAW','checking',9,2014,16,0,42,15);
INSERT INTO `transactions` VALUES (322,'2014-09-16',0,300,'Customer Transfer Dr.','PC TO SavingsAccount','checking',9,2014,16,1,1,3);
INSERT INTO `transactions` VALUES (323,'2014-09-15',2631,0,'Payroll Deposit','My Employer INC','checking',9,2014,15,0,1,1);
INSERT INTO `transactions` VALUES (324,'2014-09-15',0,160,'ABM Withdrawal','','checking',9,2014,15,0,1,1);
INSERT INTO `transactions` VALUES (325,'2014-09-12',0,9,'POS Purchase','JIMMY THE GREEK          OTTAW','checking',9,2014,12,0,1,1);
INSERT INTO `transactions` VALUES (326,'2014-09-11',0,33,'POS Purchase','SEARS CANADA #1015       OTTAW','checking',9,2014,11,0,18,19);
INSERT INTO `transactions` VALUES (327,'2014-09-11',0,64,'POS Purchase','BOUCLAIR #034            NEPEA','checking',9,2014,11,0,1,1);
INSERT INTO `transactions` VALUES (328,'2014-09-10',0,350,'Customer Transfer Dr.','PC TO SavingsAccount','checking',9,2014,10,1,1,3);
INSERT INTO `transactions` VALUES (329,'2014-09-09',0,38,'POS Purchase','FOOD BASICS #896         GLOUC','checking',9,2014,9,0,45,15);
INSERT INTO `transactions` VALUES (330,'2014-09-09',0,300,'ABM Withdrawal','','checking',9,2014,9,0,1,1);
INSERT INTO `transactions` VALUES (331,'2014-09-09',827,0,'ABM Deposit','','checking',9,2014,9,0,1,1);
INSERT INTO `transactions` VALUES (332,'2014-09-08',0,59,'Bill Payment','ENBRIDGE','checking',9,2014,8,0,29,8);
INSERT INTO `transactions` VALUES (333,'2014-09-08',0,6,'POS Purchase','DOLLARAMA # 797          OTTAW','checking',9,2014,8,0,36,11);
INSERT INTO `transactions` VALUES (334,'2014-09-08',0,11,'POS Purchase','DOLLARAMA # 433          NEPEA','checking',9,2014,8,0,36,11);
INSERT INTO `transactions` VALUES (335,'2014-09-05',0,216,'Loans','BANK OF MONTREAL','checking',9,2014,5,0,26,21);
INSERT INTO `transactions` VALUES (336,'2014-09-05',0,254,'Insurance','JOHNSON/UNIFUND','checking',9,2014,5,0,24,6);
INSERT INTO `transactions` VALUES (337,'2014-09-05',0,719,'Mortgage Payment','MORTGAGE #2827805','checking',9,2014,5,0,1,1);
INSERT INTO `transactions` VALUES (338,'2014-09-04',0,7,'POS Purchase','IKEA OTTAWA              OTTAW','checking',9,2014,4,0,47,23);
INSERT INTO `transactions` VALUES (339,'2014-09-04',1,0,'DEPOSIT','','checking',9,2014,4,0,1,1);
INSERT INTO `transactions` VALUES (340,'2014-09-04',50,0,'DEPOSIT','','checking',9,2014,4,0,1,1);
INSERT INTO `transactions` VALUES (341,'2014-09-03',0,11,'POS Purchase','WAL-MART #3066           OTTAW','checking',9,2014,3,0,42,15);
INSERT INTO `transactions` VALUES (342,'2014-09-02',0,9,'Miscellaneous Payment','PAYPAL PTE LTD','checking',9,2014,2,0,80,2);
INSERT INTO `transactions` VALUES (343,'2014-09-02',0,38,'Bill Payment','HYDRO OTTAWA','checking',9,2014,2,0,28,9);
INSERT INTO `transactions` VALUES (344,'2014-09-02',0,297,'Miscellaneous Payment','R DIXON MNGT','checking',9,2014,2,0,27,11);
INSERT INTO `transactions` VALUES (345,'2014-09-02',0,191,'Bill Payment','ROGERS WIRELESS PRE-AUTH DR','checking',9,2014,2,0,39,16);
INSERT INTO `transactions` VALUES (346,'2014-09-02',250,0,'Insurance','GREAT-WEST LIFE','checking',9,2014,2,0,1,1);
INSERT INTO `transactions` VALUES (347,'2014-09-02',0,27,'Mortgage Payment','MORTGAGE #2827805','checking',9,2014,2,0,1,1);
INSERT INTO `transactions` VALUES (348,'2014-09-02',0,54,'POS Purchase','LONE STAR KANATA #1113   KANAT','checking',9,2014,2,0,1,1);
INSERT INTO `transactions` VALUES (349,'2014-09-01',0,51,'POS Purchase','BROOKSTREET HOTEL        OTTAWA       ON','visa',9,2014,1,0,1,1);
INSERT INTO `transactions` VALUES (350,'2014-09-03',0,197,'POS Purchase','EXPEDIA*184306195276     ONTARIO      ON','visa',9,2014,3,0,89,18);
INSERT INTO `transactions` VALUES (351,'2014-09-04',0,40,'POS Purchase','PRESTO                   TORONTO      ON','visa',9,2014,4,0,87,14);
INSERT INTO `transactions` VALUES (352,'2014-09-06',0,68,'POS Purchase','HORNBLOWER NIAGARA CRU   NIAGARA FALLSON','visa',9,2014,6,0,1,25);
INSERT INTO `transactions` VALUES (353,'2014-09-06',0,46,'POS Purchase','ESSO 5008 HURONTARIO ST  MISSISSAUGA  ON','visa',9,2014,6,0,53,20);
INSERT INTO `transactions` VALUES (354,'2014-09-06',0,37,'POS Purchase','ESSO 2545 BASELINE ROAD  OTTAWA       ON','visa',9,2014,6,0,53,20);
INSERT INTO `transactions` VALUES (355,'2014-09-06',0,4,'POS Purchase','THE HERSHEY STORE        NIAGARA FALLSON','visa',9,2014,6,0,1,1);
INSERT INTO `transactions` VALUES (356,'2014-09-07',0,37,'POS Purchase','FUELCO #01170            BRIGHTON     ON','visa',9,2014,7,0,1,1);
INSERT INTO `transactions` VALUES (357,'2014-09-07',0,14,'POS Purchase','A&W #4816 TRENTON        BRIGHTON     ON','visa',9,2014,7,0,9,17);
INSERT INTO `transactions` VALUES (358,'2014-09-07',0,179,'POS Purchase','SKYLON RESTAURANT        NIAGARA FALLSON','visa',9,2014,7,0,1,1);
INSERT INTO `transactions` VALUES (359,'2014-09-07',0,46,'POS Purchase','BUTTERFLY CONSVTRY ATT   NIAGARA FALLSON','visa',9,2014,7,0,1,25);
INSERT INTO `transactions` VALUES (360,'2014-09-08',0,5,'POS Purchase','SHOPPERS DRUG MART       OTTAWA       ON','visa',9,2014,8,0,34,10);
INSERT INTO `transactions` VALUES (361,'2014-09-09',0,22,'POS Purchase','THE WORKS-GLEBE          OTTAWA       ON','visa',9,2014,9,0,99,17);
INSERT INTO `transactions` VALUES (362,'2014-09-10',350,0,'POS Purchase','PC - PAYMENT           FROM - *****11*9224','visa',9,2014,10,1,1,3);
INSERT INTO `transactions` VALUES (363,'2014-09-11',0,40,'POS Purchase','PRESTO                   TORONTO      ON','visa',9,2014,11,0,87,14);
INSERT INTO `transactions` VALUES (364,'2014-09-12',0,12,'POS Purchase','JAMES STREET PUB         OTTAWA       ON','visa',9,2014,12,0,91,17);
INSERT INTO `transactions` VALUES (365,'2014-09-12',0,14,'SCCP INSURANCE PREMIUM','SCCP INSURANCE PREMIUM','visa',9,2014,12,0,1,1);
INSERT INTO `transactions` VALUES (366,'2014-09-13',0,45,'POS Purchase','PIONEER STN #154         OTTAWA       ON','visa',9,2014,13,0,19,20);
INSERT INTO `transactions` VALUES (367,'2014-09-13',0,6,'POS Purchase','TIM HORTONS 2732 QTH     GLOUCESTER   ON','visa',9,2014,13,0,59,17);
INSERT INTO `transactions` VALUES (368,'2014-09-13',0,3,'POS Purchase','MCDONALD\'S #5869   Q04   OTTAWA       ON','visa',9,2014,13,0,90,17);
INSERT INTO `transactions` VALUES (369,'2014-09-14',0,64,'POS Purchase','EAST SIDE MARIOS SILVE   GLOUCESTER   ON','visa',9,2014,14,0,1,1);
INSERT INTO `transactions` VALUES (370,'2014-09-15',0,2,'POS Purchase','CITY OF OTTAWA PARKING   TORONTO      ON','visa',9,2014,15,0,1,1);
INSERT INTO `transactions` VALUES (371,'2014-09-16',300,0,'POS Purchase','PC - PAYMENT           FROM - *****11*9224','visa',9,2014,16,1,1,3);
INSERT INTO `transactions` VALUES (372,'2014-09-19',0,13,'POS Purchase','TALAY THAI RESTAURANT    OTTAWA       ON','visa',9,2014,19,0,88,17);
INSERT INTO `transactions` VALUES (373,'2014-09-19',0,1,'POS Purchase','TIM HORTONS 0710 QTH     OTTAWA       ON','visa',9,2014,19,0,59,17);
INSERT INTO `transactions` VALUES (374,'2014-09-20',0,27,'POS Purchase','DAMAS SUPERMARKET        OTTAWA       ON','visa',9,2014,20,0,61,15);
INSERT INTO `transactions` VALUES (375,'2014-09-20',0,45,'POS Purchase','WAL-MART STORE#3066      OTTAWA       ON','visa',9,2014,20,0,42,15);
INSERT INTO `transactions` VALUES (376,'2014-09-22',300,0,'POS Purchase','PC - PAYMENT           FROM - *****11*9224','visa',9,2014,22,1,1,3);
INSERT INTO `transactions` VALUES (377,'2014-09-24',0,57,'POS Purchase','WAL-MART SUPERCENTER#1110OTTAWA       ON','visa',9,2014,24,0,42,15);
INSERT INTO `transactions` VALUES (378,'2014-09-24',0,28,'POS Purchase','ESSO 2545 BASELINE ROAD  OTTAWA       ON','visa',9,2014,24,0,53,20);
INSERT INTO `transactions` VALUES (379,'2014-09-24',0,4,'POS Purchase','IMPARK00110005U          877-909-6199 ON','visa',9,2014,24,0,1,1);
INSERT INTO `transactions` VALUES (380,'2014-09-29',0,22,'POS Purchase','WAL-MART SUPERCENTER#1110OTTAWA       ON','visa',9,2014,29,0,42,15);
INSERT INTO `transactions` VALUES (381,'2014-09-29',0,9,'POS Purchase','MCDONALD\'S #40337        OTTAWA       ON','visa',9,2014,29,0,90,17);
INSERT INTO `transactions` VALUES (382,'2014-09-30',0,90,'POS Purchase','OTTAWA SPORT MEDICINE    OTTAWA       ON','visa',9,2014,30,0,1,1);
INSERT INTO `transactions` VALUES (383,'2014-10-01',0,70,'POS Purchase','OTTAWA SPORT MEDICINE    OTTAWA       ON','visa',10,2014,1,0,1,1);
INSERT INTO `transactions` VALUES (384,'2014-10-01',0,11,'POS Purchase','HARVEYS 2801     QFF     NEPEAN       ON','visa',10,2014,1,0,38,17);
INSERT INTO `transactions` VALUES (385,'2014-10-01',1510,0,'POS Purchase','PC - PAYMENT           FROM - *****11*9224','visa',10,2014,1,1,1,3);
INSERT INTO `transactions` VALUES (386,'2014-10-02',0,1161,'POS Purchase','HUNT CLUB NISSAN         NEPEAN       ON','visa',10,2014,2,0,1,1);
INSERT INTO `transactions` VALUES (387,'2014-10-02',0,36,'POS Purchase','FOOD BASICS #900         OTTAWA       ON','visa',10,2014,2,0,45,15);
INSERT INTO `transactions` VALUES (388,'2014-10-02',0,28,'POS Purchase','DENNY\'S FAMILY RESTAUR   NEPEAN       ON','visa',10,2014,2,0,1,1);
INSERT INTO `transactions` VALUES (389,'2014-10-02',0,70,'POS Purchase','OTTAWA SPORT MEDICINE    OTTAWA       ON','visa',10,2014,2,0,1,1);
INSERT INTO `transactions` VALUES (390,'2014-10-03',0,102,'POS Purchase','STOKES #1240             OTTAWA       ON','visa',10,2014,3,0,1,1);
INSERT INTO `transactions` VALUES (391,'2014-10-03',0,23,'POS Purchase','SEARS CARLINGWOOD OTTAWA OTTAWA       ON','visa',10,2014,3,0,18,19);
INSERT INTO `transactions` VALUES (392,'2014-10-04',0,153,'POS Purchase','SEARS ST LAURENT OTTAWA  OTTAWA       ON','visa',10,2014,4,0,18,19);
INSERT INTO `transactions` VALUES (393,'2014-10-05',0,152,'POS Purchase','CDN TIRE STORE #00258    NEPEAN       ON','visa',10,2014,5,0,1,1);
INSERT INTO `transactions` VALUES (394,'2014-10-05',0,37,'POS Purchase','ESSO 1584 MERIVALE RD    NEPEAN       ON','visa',10,2014,5,0,53,20);
INSERT INTO `transactions` VALUES (395,'2014-10-07',0,0,'POS Purchase','Amazon.com               AMZN.COM/BILLWA AMT             0.45 UNITED STATES DOLLAR','visa',10,2014,7,0,79,19);
INSERT INTO `transactions` VALUES (396,'2014-10-09',0,40,'POS Purchase','PRESTO                   TORONTO      ON','visa',10,2014,9,0,87,14);
INSERT INTO `transactions` VALUES (397,'2014-10-10',0,86,'POS Purchase','DRIVETEST INTERNET BOOK  NORTH YORK   ON','visa',10,2014,10,0,1,1);
INSERT INTO `transactions` VALUES (398,'2014-10-10',0,24,'POS Purchase','407ETR-INTERNET          WOODBRIDGE   ON','visa',10,2014,10,0,1,1);
INSERT INTO `transactions` VALUES (399,'2014-10-14',0,18,'SCCP INSURANCE PREMIUM','SCCP INSURANCE PREMIUM','visa',10,2014,14,0,1,1);
INSERT INTO `transactions` VALUES (400,'2014-10-19',0,18,'POS Purchase','SWISS CHALET 1924        GLOUCESTER   ON','visa',10,2014,19,0,1,1);
INSERT INTO `transactions` VALUES (401,'2014-10-20',500,0,'POS Purchase','PC - PAYMENT           FROM - *****11*9224','visa',10,2014,20,1,1,3);
INSERT INTO `transactions` VALUES (402,'2014-10-22',0,40,'POS Purchase','PRESTO                   TORONTO      ON','visa',10,2014,22,0,87,14);
INSERT INTO `transactions` VALUES (403,'2014-10-22',0,7,'POS Purchase','PAYLESS SHOES            NEPEAN       ON','visa',10,2014,22,0,1,1);
INSERT INTO `transactions` VALUES (404,'2014-10-25',0,39,'POS Purchase','ESSO 2545 BASELINE ROAD  OTTAWA       ON','visa',10,2014,25,0,53,20);
INSERT INTO `transactions` VALUES (405,'2014-10-30',0,40,'POS Purchase','PRESTO                   TORONTO      ON','visa',10,2014,30,0,87,14);
INSERT INTO `transactions` VALUES (406,'2014-10-31',0,411,'POS Purchase','LASER QUEST OTTAWA #7    OTTAWA       ON','visa',10,2014,31,0,1,1);
INSERT INTO `transactions` VALUES (407,'2014-10-31',500,0,'POS Purchase','PC - PAYMENT           FROM - *****11*9224','visa',10,2014,31,1,1,3);
INSERT INTO `transactions` VALUES (408,'2014-10-31',0,299,'POS Purchase','PALLADIUM DENTAL         KANATA       ON','visa',10,2014,31,0,1,1);
INSERT INTO `transactions` VALUES (409,'2014-10-31',0,196,'Bill Payment','ROGERS WIRELESS PRE-AUTH DR','checking',10,2014,31,0,39,16);
INSERT INTO `transactions` VALUES (410,'2014-10-31',0,265,'Customer Transfer Dr.','PC TO SavingsAccount2','checking',10,2014,31,1,1,3);
INSERT INTO `transactions` VALUES (411,'2014-10-31',0,500,'Customer Transfer Dr.','PC TO SavingsAccount','checking',10,2014,31,1,1,3);
INSERT INTO `transactions` VALUES (412,'2014-10-31',0,719,'Mortgage Payment','MORTGAGE #2827805','checking',10,2014,31,0,23,12);
INSERT INTO `transactions` VALUES (413,'2014-10-31',2631,0,'Payroll Deposit','My Employer INC','checking',10,2014,31,0,1,1);
INSERT INTO `transactions` VALUES (414,'2014-10-30',0,40,'ABM Withdrawal','','checking',10,2014,30,0,1,1);
INSERT INTO `transactions` VALUES (415,'2014-10-29',0,25,'POS Purchase','GIANT TIGER #22          OTTAW','checking',10,2014,29,0,20,19);
INSERT INTO `transactions` VALUES (416,'2014-10-29',68,0,'POS Return','WINNERS/HOMESENSE 378/083NEPEA','checking',10,2014,29,0,49,19);
INSERT INTO `transactions` VALUES (417,'2014-10-29',203,0,'POS Return','WINNERS/HOMESENSE 378/083NEPEA','checking',10,2014,29,0,49,19);
INSERT INTO `transactions` VALUES (418,'2014-10-28',0,23,'POS Purchase','FOOD BASICS #907         OTTAW','checking',10,2014,28,0,45,15);
INSERT INTO `transactions` VALUES (419,'2014-10-27',0,520,'Customer Transfer Dr.','PC TO SavingsAccount2','checking',10,2014,27,1,1,3);
INSERT INTO `transactions` VALUES (420,'2014-10-23',0,203,'POS Purchase','WINNERS/HOMESENSE 378/083NEPEA','checking',10,2014,23,0,49,19);
INSERT INTO `transactions` VALUES (421,'2014-10-22',0,50,'Customer Transfer Dr.','PC TO SavingsAccount2','checking',10,2014,22,1,1,3);
INSERT INTO `transactions` VALUES (422,'2014-10-22',0,10,'POS Purchase','WAL-MART #3638           BARRH','checking',10,2014,22,0,42,15);
INSERT INTO `transactions` VALUES (423,'2014-10-22',0,10,'POS Purchase','METRO #251               NEPEA','checking',10,2014,22,0,55,15);
INSERT INTO `transactions` VALUES (424,'2014-10-20',0,27,'Service Charge','MONTHLY FEES','checking',10,2014,20,0,1,1);
INSERT INTO `transactions` VALUES (425,'2014-10-20',0,5,'Overdraft Protect. Fee','','checking',10,2014,20,0,1,1);
INSERT INTO `transactions` VALUES (426,'2014-10-20',0,0,'Overdraft Interest','','checking',10,2014,20,0,1,1);
INSERT INTO `transactions` VALUES (427,'2014-10-20',0,5,'POS Purchase','DOLLARAMA # 644          OTTAW','checking',10,2014,20,0,36,11);
INSERT INTO `transactions` VALUES (428,'2014-10-20',0,45,'POS Purchase','COSTCO WHOLESALE #511    GLOUC','checking',10,2014,20,0,43,15);
INSERT INTO `transactions` VALUES (429,'2014-10-20',0,100,'ABM Withdrawal','','checking',10,2014,20,0,1,1);
INSERT INTO `transactions` VALUES (430,'2014-10-20',0,500,'Customer Transfer Dr.','PC TO SavingsAccount','checking',10,2014,20,1,1,3);
INSERT INTO `transactions` VALUES (431,'2014-10-17',0,719,'Mortgage Payment','MORTGAGE #2827805','checking',10,2014,17,0,1,1);
INSERT INTO `transactions` VALUES (432,'2014-10-16',0,33,'POS Purchase','BASELINE ON THE RUN      OTTAW','checking',10,2014,16,0,25,17);
INSERT INTO `transactions` VALUES (433,'2014-10-16',0,25,'POS Purchase','FOOD BASICS #907         OTTAW','checking',10,2014,16,0,45,15);
INSERT INTO `transactions` VALUES (434,'2014-10-16',0,32,'POS Purchase','WAL-MART #1110           OTTAW','checking',10,2014,16,0,42,15);
INSERT INTO `transactions` VALUES (435,'2014-10-16',0,7,'POS Purchase','GIANT TIGER #22          OTTAW','checking',10,2014,16,0,20,19);
INSERT INTO `transactions` VALUES (436,'2014-10-15',0,71,'POS Purchase','FOOD BASICS #896         GLOUC','checking',10,2014,15,0,45,15);
INSERT INTO `transactions` VALUES (437,'2014-10-15',2631,0,'Payroll Deposit','My Employer INC','checking',10,2014,15,0,1,1);
INSERT INTO `transactions` VALUES (438,'2014-10-14',0,23,'POS Purchase','LOBLAWS #170             OTTAW','checking',10,2014,14,0,58,15);
INSERT INTO `transactions` VALUES (439,'2014-10-10',0,49,'POS Purchase','VINEYARD\'S WINE BAR BISTROTTAW','checking',10,2014,10,0,1,1);
INSERT INTO `transactions` VALUES (440,'2014-10-10',0,11,'POS Purchase','DOLLARAMA # 797          OTTAW','checking',10,2014,10,0,36,11);
INSERT INTO `transactions` VALUES (441,'2014-10-08',184,0,'Insurance','GREAT-WEST LIFE','checking',10,2014,8,0,1,1);
INSERT INTO `transactions` VALUES (442,'2014-10-07',0,55,'Bill Payment','ENBRIDGE','checking',10,2014,7,0,29,8);
INSERT INTO `transactions` VALUES (443,'2014-10-07',50,0,'ABM Deposit','','checking',10,2014,7,0,1,1);
INSERT INTO `transactions` VALUES (444,'2014-10-07',147,0,'POS Return','WINNERS 214              NEPEA','checking',10,2014,7,0,49,19);
INSERT INTO `transactions` VALUES (445,'2014-10-07',56,0,'POS Return','WINNERS 214              NEPEA','checking',10,2014,7,0,49,19);
INSERT INTO `transactions` VALUES (446,'2014-10-07',195,0,'Customer Transfer Cr.','PC FROM SavingsAccount3','checking',10,2014,7,1,1,3);
INSERT INTO `transactions` VALUES (447,'2014-10-06',0,216,'Loans','BANK OF MONTREAL','checking',10,2014,6,0,26,21);
INSERT INTO `transactions` VALUES (448,'2014-10-06',0,38,'Bill Payment','HYDRO OTTAWA','checking',10,2014,6,0,28,9);
INSERT INTO `transactions` VALUES (449,'2014-10-06',0,254,'Insurance','JOHNSON/UNIFUND','checking',10,2014,6,0,24,6);
INSERT INTO `transactions` VALUES (450,'2014-10-06',0,147,'POS Purchase','WINNERS/HOMESENSE 378/083NEPEA','checking',10,2014,6,0,49,19);
INSERT INTO `transactions` VALUES (451,'2014-10-06',0,124,'POS Purchase','WINNERS 214              NEPEA','checking',10,2014,6,0,49,19);
INSERT INTO `transactions` VALUES (452,'2014-10-06',0,89,'POS Purchase','XS CARGO OTTAWA #203     NEPEA','checking',10,2014,6,0,33,11);
INSERT INTO `transactions` VALUES (453,'2014-10-06',0,21,'POS Purchase','FOOD BASICS #907         OTTAW','checking',10,2014,6,0,45,15);
INSERT INTO `transactions` VALUES (454,'2014-10-06',0,54,'POS Purchase','XS CARGO OTTAWA #203     NEPEA','checking',10,2014,6,0,33,11);
INSERT INTO `transactions` VALUES (455,'2014-10-03',0,719,'Mortgage Payment','MORTGAGE #2827805','checking',10,2014,3,0,1,1);
INSERT INTO `transactions` VALUES (456,'2014-10-02',0,9,'Miscellaneous Payment','PAYPAL PTE LTD','checking',10,2014,2,0,80,2);
INSERT INTO `transactions` VALUES (457,'2014-10-02',0,6,'POS Purchase','DOLLAR TREE CANADA STO   NEPEA','checking',10,2014,2,0,31,11);
INSERT INTO `transactions` VALUES (458,'2014-10-02',0,20,'POS Purchase','LOBLAWS 82.2             NEPEA','checking',10,2014,2,0,58,15);
INSERT INTO `transactions` VALUES (459,'2014-10-01',0,297,'Miscellaneous Payment','R DIXON MNGT','checking',10,2014,1,0,27,11);
INSERT INTO `transactions` VALUES (460,'2014-10-01',0,26,'POS Purchase','GIANT TIGER #22          OTTAW','checking',10,2014,1,0,20,19);
INSERT INTO `transactions` VALUES (461,'2014-10-01',0,1510,'Customer Transfer Dr.','PC TO SavingsAccount','checking',10,2014,1,1,1,3);
INSERT INTO `transactions` VALUES (462,'2014-10-01',0,27,'Mortgage Payment','MORTGAGE #2827805','checking',10,2014,1,0,1,1);
INSERT INTO `transactions` VALUES (463,'2014-11-03',1000,0,'POS Purchase','PC - PAYMENT           FROM - *****11*9224','visa',11,2014,3,1,1,3);
INSERT INTO `transactions` VALUES (464,'2014-11-03',300,0,'POS Purchase','PC - PAYMENT           FROM - *****05*8884','visa',11,2014,3,1,1,3);
INSERT INTO `transactions` VALUES (465,'2014-11-03',175,0,'POS Purchase','PC - PAYMENT           FROM - *****11*9224','visa',11,2014,3,1,1,3);
INSERT INTO `transactions` VALUES (466,'2014-11-04',0,100,'POS Purchase','LEON S FURNITURE TT 16   OTTAWA       ON','visa',11,2014,4,0,100,23);
INSERT INTO `transactions` VALUES (467,'2014-11-04',0,11,'POS Purchase','DAMAS SUPERMARKET        OTTAWA       ON','visa',11,2014,4,0,61,15);
INSERT INTO `transactions` VALUES (468,'2014-11-07',0,100,'POS Purchase','APPLE ONLINE STORE       800-676-2775 ON','visa',11,2014,7,0,1,1);
INSERT INTO `transactions` VALUES (469,'2014-11-08',0,5,'POS Purchase','STAPLES STORE #17        GLOUCESTER   ON','visa',11,2014,8,0,32,11);
INSERT INTO `transactions` VALUES (470,'2014-11-08',0,0,'POS Purchase','STAPLES STORE #17        GLOUCESTER   ON','visa',11,2014,8,0,32,11);
INSERT INTO `transactions` VALUES (471,'2014-11-10',860,0,'POS Purchase','PC - PAYMENT           FROM - *****05*8884','visa',11,2014,10,1,1,3);
INSERT INTO `transactions` VALUES (472,'2014-11-10',0,14,'POS Purchase','WAL-MART SUPERCENTER#1110OTTAWA       ON','visa',11,2014,10,0,42,15);
INSERT INTO `transactions` VALUES (473,'2014-11-10',0,45,'POS Purchase','SUN FLOWERS              OTTAWA       ON','visa',11,2014,10,0,1,1);
INSERT INTO `transactions` VALUES (474,'2014-11-11',0,30,'POS Purchase','WAL-MART SUPERCENTER#1110OTTAWA       ON AMT            30.46 CANADIAN DOLLAR','visa',11,2014,11,0,42,15);
INSERT INTO `transactions` VALUES (475,'2014-11-12',0,17,'POS Purchase','WINNERS 214              NEPEAN       ON','visa',11,2014,12,0,49,19);
INSERT INTO `transactions` VALUES (476,'2014-11-12',0,226,'POS Purchase','SEARS CARLINGWOOD OTTAWA OTTAWA       ON AMT           225.97 CANADIAN DOLLAR','visa',11,2014,12,0,18,19);
INSERT INTO `transactions` VALUES (477,'2014-11-12',0,17,'POS Purchase','WINNERS 214              NEPEAN       ON','visa',11,2014,12,0,49,19);
INSERT INTO `transactions` VALUES (478,'2014-11-12',0,7,'POS Purchase','SALEM STORE HOUSE        NEPEAN       ON','visa',11,2014,12,0,84,7);
INSERT INTO `transactions` VALUES (479,'2014-11-13',0,40,'POS Purchase','PRESTO                   TORONTO      ON AMT            40.00 CANADIAN DOLLAR','visa',11,2014,13,0,87,14);
INSERT INTO `transactions` VALUES (480,'2014-11-13',0,13,'POS Purchase','IKEA OTTAWA              OTTAWA       ON AMT            12.98 CANADIAN DOLLAR','visa',11,2014,13,0,47,23);
INSERT INTO `transactions` VALUES (481,'2014-11-13',0,5,'POS Purchase','IKEA OTTAWA              OTTAWA       ON AMT             4.51 CANADIAN DOLLAR','visa',11,2014,13,0,47,23);
INSERT INTO `transactions` VALUES (482,'2014-11-14',0,21,'POS Purchase','SCCP INSURANCE PREMIUM AMT             0.00 CANADIAN DOLLAR','visa',11,2014,14,0,1,1);
INSERT INTO `transactions` VALUES (483,'2014-11-15',0,25,'POS Purchase','GROUPON CANADA INC       877-788-7858 QC AMT            25.00 CANADIAN DOLLAR','visa',11,2014,15,0,1,1);
INSERT INTO `transactions` VALUES (484,'2014-11-17',0,102,'POS Purchase','MARK\'S WORK WEARHOUSE#157OTTAWA       ON AMT           101.68 CANADIAN DOLLAR','visa',11,2014,17,0,1,1);
INSERT INTO `transactions` VALUES (485,'2014-11-17',0,15,'POS Purchase','SUBWAY                   OTTAWA       ON AMT            15.40 CANADIAN DOLLAR','visa',11,2014,17,0,35,17);
INSERT INTO `transactions` VALUES (486,'2014-11-18',5,0,'POS Purchase','WAL-MART SUPERCENTER#1110OTTAWA       ON AMT             5.19 CANADIAN DOLLAR','visa',11,2014,18,0,42,15);
INSERT INTO `transactions` VALUES (487,'2014-11-18',17,0,'POS Purchase','WINNERS 214              NEPEAN       ON AMT            16.94 CANADIAN DOLLAR','visa',11,2014,18,0,49,19);
INSERT INTO `transactions` VALUES (488,'2014-11-18',0,27,'POS Purchase','WAL-MART SUPERCENTER#1110OTTAWA       ON AMT            27.05 CANADIAN DOLLAR','visa',11,2014,18,0,42,15);
INSERT INTO `transactions` VALUES (489,'2014-11-18',0,37,'POS Purchase','GIANT TIGER #22          OTTAWA       ON AMT            37.04 CANADIAN DOLLAR','visa',11,2014,18,0,20,19);
INSERT INTO `transactions` VALUES (490,'2014-11-18',0,17,'POS Purchase','WINNERS 214              NEPEAN       ON AMT            16.94 CANADIAN DOLLAR','visa',11,2014,18,0,49,19);
INSERT INTO `transactions` VALUES (491,'2014-11-19',0,30,'POS Purchase','DAMAS SUPERMARKET        OTTAWA       ON AMT            30.25 CANADIAN DOLLAR','visa',11,2014,19,0,61,15);
INSERT INTO `transactions` VALUES (492,'2014-11-20',0,871,'POS Purchase','APPLE ONLINE STORE       800-676-2775 ON AMT           870.67 CANADIAN DOLLAR','visa',11,2014,20,0,1,1);
INSERT INTO `transactions` VALUES (493,'2014-11-22',0,20,'POS Purchase','PIONEER STN #154         OTTAWA       ON AMT            20.07 CANADIAN DOLLAR','visa',11,2014,22,0,19,20);
INSERT INTO `transactions` VALUES (494,'2014-11-23',0,45,'POS Purchase','MALONE\'S LAKESIDE GRIL   OTTAWA       ON AMT            44.72 CANADIAN DOLLAR','visa',11,2014,23,0,10,17);
INSERT INTO `transactions` VALUES (495,'2014-11-23',0,12,'POS Purchase','WAL-MART SUPERCENTER#3638BARRHAVEN    ON AMT            11.74 CANADIAN DOLLAR','visa',11,2014,23,0,42,15);
INSERT INTO `transactions` VALUES (496,'2014-11-25',0,40,'POS Purchase','PRESTO                   TORONTO      ON AMT            40.00 CANADIAN DOLLAR','visa',11,2014,25,0,87,14);
INSERT INTO `transactions` VALUES (497,'2014-11-26',0,10,'POS Purchase','FARM BOY #75             OTTAWA       ON AMT            10.14 CANADIAN DOLLAR','visa',11,2014,26,0,1,1);
INSERT INTO `transactions` VALUES (498,'2014-11-26',0,30,'POS Purchase','WAL-MART STORE#3066      OTTAWA       ON AMT            30.32 CANADIAN DOLLAR','visa',11,2014,26,0,42,15);
INSERT INTO `transactions` VALUES (499,'2014-11-27',58,0,'POS Purchase','JYSK 908 HUNT CLUB       NEPEAN       ON AMT            57.60 CANADIAN DOLLAR','visa',11,2014,27,0,76,23);
INSERT INTO `transactions` VALUES (500,'2014-11-27',45,0,'POS Purchase','MARK\'S WORK WEARHOUSE    GLOUCESTER   ON AMT            45.19 CANADIAN DOLLAR','visa',11,2014,27,0,1,1);
INSERT INTO `transactions` VALUES (501,'2014-11-27',0,69,'POS Purchase','CDN TIRE STORE #00258    NEPEAN       ON AMT            68.74 CANADIAN DOLLAR','visa',11,2014,27,0,1,1);
INSERT INTO `transactions` VALUES (502,'2014-11-27',0,64,'POS Purchase','JYSK 908 HUNT CLUB       NEPEAN       ON AMT            64.37 CANADIAN DOLLAR','visa',11,2014,27,0,76,23);
INSERT INTO `transactions` VALUES (503,'2014-11-27',0,34,'POS Purchase','MARK\'S WORK WEARHOUSE#157OTTAWA       ON AMT            33.89 CANADIAN DOLLAR','visa',11,2014,27,0,1,1);
INSERT INTO `transactions` VALUES (504,'2014-11-29',0,21,'POS Purchase','SALEM STORE HOUSE        NEPEAN       ON AMT            20.59 CANADIAN DOLLAR','visa',11,2014,29,0,84,7);
INSERT INTO `transactions` VALUES (505,'2014-11-29',0,21,'POS Purchase','WAL-MART STORE#1158      GLOUCESTER   ON AMT            21.28 CANADIAN DOLLAR','visa',11,2014,29,0,42,15);
INSERT INTO `transactions` VALUES (506,'2014-12-01',700,0,'POS Purchase','FROM - 001661159224 AMT           700.00 CANADIAN DOLLAR','visa',12,2014,1,0,1,1);
INSERT INTO `transactions` VALUES (507,'2014-12-01',0,73,'POS Purchase','THE SOURCE #53190        NEPEAN       ON AMT            73.42 CANADIAN DOLLAR','visa',12,2014,1,0,1,1);
INSERT INTO `transactions` VALUES (508,'2014-12-01',0,37,'POS Purchase','ESSO 1584 MERIVALE RD    NEPEAN       ON AMT            37.10 CANADIAN DOLLAR','visa',12,2014,1,0,53,20);
INSERT INTO `transactions` VALUES (509,'2014-12-01',0,27,'POS Purchase','GIANT TIGER #22          OTTAWA       ON AMT            27.12 CANADIAN DOLLAR','visa',12,2014,1,0,20,19);
INSERT INTO `transactions` VALUES (510,'2014-12-02',0,40,'POS Purchase','Amazon.ca                AMAZON.CA    ON AMT            40.15 CANADIAN DOLLAR','visa',12,2014,2,0,79,19);
INSERT INTO `transactions` VALUES (511,'2014-12-02',0,13,'POS Purchase','DAMAS SUPERMARKET        OTTAWA       ON AMT            13.34 CANADIAN DOLLAR','visa',12,2014,2,0,61,15);
INSERT INTO `transactions` VALUES (512,'2014-12-05',282,0,'POS Purchase','WINNERSHOMESENSE 37808   OTTAWA       ON AMT           282.49 CANADIAN DOLLAR','visa',12,2014,5,0,49,19);
INSERT INTO `transactions` VALUES (513,'2014-12-05',0,299,'POS Purchase','WINNERSHOMESENSE 37808   OTTAWA       ON AMT           299.43 CANADIAN DOLLAR','visa',12,2014,5,0,49,19);
INSERT INTO `transactions` VALUES (514,'2014-12-05',0,169,'POS Purchase','WINNERSHOMESENSE 37808   OTTAWA       ON AMT           169.49 CANADIAN DOLLAR','visa',12,2014,5,0,49,19);
INSERT INTO `transactions` VALUES (515,'2014-12-05',0,13,'POS Purchase','FARM BOY #75             OTTAWA       ON AMT            13.26 CANADIAN DOLLAR','visa',12,2014,5,0,1,1);
INSERT INTO `transactions` VALUES (516,'2014-12-05',0,3,'POS Purchase','VALUE VILLAGE 2081       NEPEAN       ON AMT             3.37 CANADIAN DOLLAR','visa',12,2014,5,0,41,23);
INSERT INTO `transactions` VALUES (517,'2014-12-06',0,169,'POS Purchase','WINNERSHOMESENSE 37808   OTTAWA       ON AMT           169.49 CANADIAN DOLLAR','visa',12,2014,6,0,49,19);
INSERT INTO `transactions` VALUES (518,'2014-12-06',0,150,'POS Purchase','WINHOST.COM              310-3480458  CA AMT           127.70 UNITED STATES DOLLAR','visa',12,2014,6,0,1,1);
INSERT INTO `transactions` VALUES (519,'2014-12-06',0,29,'POS Purchase','ESSO 401 HAZELDEAN ROAD  KANATA       ON AMT            29.30 CANADIAN DOLLAR','visa',12,2014,6,0,53,20);
INSERT INTO `transactions` VALUES (520,'2014-12-07',105,0,'POS Purchase','WINHOST.COM              310-3480458  CA AMT            94.80 UNITED STATES DOLLAR','visa',12,2014,7,0,1,1);
INSERT INTO `transactions` VALUES (521,'2014-12-07',0,15,'POS Purchase','OLD NAVY CANADA 5476NAPEANEPEAN       ON AMT            15.22 CANADIAN DOLLAR','visa',12,2014,7,0,37,19);
INSERT INTO `transactions` VALUES (522,'2014-12-07',0,11,'POS Purchase','WINHOST.COM              310-3480458  CA AMT             8.95 UNITED STATES DOLLAR','visa',12,2014,7,0,1,1);
INSERT INTO `transactions` VALUES (523,'2014-12-07',0,2,'POS Purchase','LOBLAW SUPERMARKET #10   GLOUCESTER   ON AMT             2.29 CANADIAN DOLLAR','visa',12,2014,7,0,58,15);
INSERT INTO `transactions` VALUES (524,'2014-12-08',0,19,'POS Purchase','IKEA OTTAWA              OTTAWA       ON AMT            19.20 CANADIAN DOLLAR','visa',12,2014,8,0,47,23);
INSERT INTO `transactions` VALUES (525,'2014-12-10',0,105,'POS Purchase','OTTAWA PARKS & REC 123 GONEPEAN       ON AMT           105.00 CANADIAN DOLLAR','visa',12,2014,10,0,1,1);
INSERT INTO `transactions` VALUES (526,'2014-12-10',0,40,'POS Purchase','PRESTO                   TORONTO      ON AMT            40.00 CANADIAN DOLLAR','visa',12,2014,10,0,87,14);
INSERT INTO `transactions` VALUES (527,'2014-12-10',0,10,'POS Purchase','PRESTO                   TORONTO      ON AMT            10.00 CANADIAN DOLLAR','visa',12,2014,10,0,87,14);
INSERT INTO `transactions` VALUES (528,'2014-12-11',0,6,'POS Purchase','SCCP INSURANCE PREMIUM AMT             0.00 CANADIAN DOLLAR','visa',12,2014,11,0,1,1);
INSERT INTO `transactions` VALUES (529,'2014-12-12',0,12,'POS Purchase','CDN TIRE STORE #00258    NEPEAN       ON','visa',12,2014,12,0,1,1);
INSERT INTO `transactions` VALUES (530,'2014-12-12',0,7,'POS Purchase','THE OTTAWA HOSPITAL      OTTAWA       ON','visa',12,2014,12,0,104,24);
INSERT INTO `transactions` VALUES (531,'2014-12-13',0,226,'POS Purchase','HOMESENSE 004            OTTAWA       ON','visa',12,2014,13,0,57,23);
INSERT INTO `transactions` VALUES (532,'2014-12-13',0,40,'POS Purchase','PRESTO                   TORONTO      ON','visa',12,2014,13,0,87,14);
INSERT INTO `transactions` VALUES (533,'2014-12-15',500,0,'POS Purchase','PC - PAYMENT           FROM - *****11*9224','visa',12,2014,15,1,1,3);
INSERT INTO `transactions` VALUES (534,'2014-12-17',0,10,'POS Purchase','Uber BV                  Vorden AMT           125.00 MEXICAN NUEVO PESO','visa',12,2014,17,0,103,14);
INSERT INTO `transactions` VALUES (535,'2014-12-18',0,16,'POS Purchase','Uber BV                  Vorden AMT           195.00 MEXICAN NUEVO PESO','visa',12,2014,18,0,103,14);
INSERT INTO `transactions` VALUES (536,'2014-12-18',0,16,'POS Purchase','Uber BV                  Vorden AMT           192.00 MEXICAN NUEVO PESO','visa',12,2014,18,0,103,14);
INSERT INTO `transactions` VALUES (537,'2014-12-19',169,0,'POS Purchase','CREDIT VOUCHER/RETURN HOMESENSE 004            OTTAWA       ON','visa',12,2014,19,0,57,23);
INSERT INTO `transactions` VALUES (538,'2014-12-19',169,0,'POS Purchase','CREDIT VOUCHER/RETURN HOMESENSE 004            OTTAWA       ON','visa',12,2014,19,0,57,23);
INSERT INTO `transactions` VALUES (539,'2014-12-20',0,7,'POS Purchase','GRNBEAN8552450470        SOLANA BEACH CA AMT             5.95 UNITED STATES DOLLAR','visa',12,2014,20,0,3,17);
INSERT INTO `transactions` VALUES (540,'2014-12-20',0,7,'POS Purchase','GRNBEAN8552450470        SOLANA BEACH CA AMT             5.90 UNITED STATES DOLLAR','visa',12,2014,20,0,3,17);
INSERT INTO `transactions` VALUES (541,'2014-12-23',0,4,'POS Purchase','THE OTTAWA HOSPITAL      OTTAWA       ON','visa',12,2014,23,0,104,24);
INSERT INTO `transactions` VALUES (542,'2014-12-24',56,0,'POS Purchase','CREDIT VOUCHER/RETURN CDN TIRE STORE #00290    OTTAWA       ON','visa',12,2014,24,0,1,1);
INSERT INTO `transactions` VALUES (543,'2014-12-24',34,0,'POS Purchase','CREDIT VOUCHER/RETURN THE SOURCE #53190        NEPEAN       ON','visa',12,2014,24,0,1,1);
INSERT INTO `transactions` VALUES (544,'2014-12-29',15,0,'POS Purchase','CREDIT VOUCHER/RETURN OLD NAVY CANADA 5492GLOUCGLOUCESTER   ON','visa',12,2014,29,0,37,19);
INSERT INTO `transactions` VALUES (545,'2014-12-31',1557,0,'POS Purchase','PC - PAYMENT           FROM - *****11*9224','visa',12,2014,31,1,1,3);
INSERT INTO `transactions` VALUES (546,'2014-11-29',0,22,'POS Purchase','FOOD BASICS #896         GLOUC','checking',11,2014,29,0,45,15);
INSERT INTO `transactions` VALUES (547,'2014-11-29',50,0,'ABM Deposit','','checking',11,2014,29,0,1,1);
INSERT INTO `transactions` VALUES (548,'2014-11-29',0,520,'ABM Withdrawal','','checking',11,2014,29,0,1,1);
INSERT INTO `transactions` VALUES (549,'2014-11-29',0,9,'POS Purchase','FOOD BASICS #896         GLOUC','checking',11,2014,29,0,45,15);
INSERT INTO `transactions` VALUES (550,'2014-11-28',0,16,'POS Purchase','SHAWARMA KITCHEN         OTTAW','checking',11,2014,28,0,1,1);
INSERT INTO `transactions` VALUES (551,'2014-11-28',60,0,'DEPOSIT','','checking',11,2014,28,0,1,1);
INSERT INTO `transactions` VALUES (552,'2014-11-28',0,719,'Mortgage Payment','MORTGAGE #2827805','checking',11,2014,28,0,1,1);
INSERT INTO `transactions` VALUES (553,'2014-11-28',2631,0,'Payroll Deposit','My Employer INC','checking',11,2014,28,0,1,1);
INSERT INTO `transactions` VALUES (554,'2014-11-27',0,16,'POS Purchase','JYSK 908 HUNT CLUB       NEPEA','checking',11,2014,27,0,76,23);
INSERT INTO `transactions` VALUES (555,'2014-11-27',19,0,'POS Return','JYSK 908 HUNT CLUB       NEPEA','checking',11,2014,27,0,76,23);
INSERT INTO `transactions` VALUES (556,'2014-11-27',0,111,'POS Purchase','COSTCO WHOLESALE #540    NEPEA','checking',11,2014,27,0,43,15);
INSERT INTO `transactions` VALUES (557,'2014-11-26',0,40,'POS Purchase','JYSK 908 HUNT CLUB       NEPEA','checking',11,2014,26,0,76,23);
INSERT INTO `transactions` VALUES (558,'2014-11-26',0,6,'POS Purchase','DOLLAR TREE CANADA STO   OTTAW','checking',11,2014,26,0,31,11);
INSERT INTO `transactions` VALUES (559,'2014-11-25',0,25,'POS Purchase','OPOS CAA NORTH & EAST ONTOTTAW','checking',11,2014,25,0,1,1);
INSERT INTO `transactions` VALUES (560,'2014-11-25',0,98,'POS Purchase','TONY\'S KAR KARE          OTTAW','checking',11,2014,25,0,1,1);
INSERT INTO `transactions` VALUES (561,'2014-11-24',0,130,'POS Purchase','OPOS CAA NORTH & EAST ONTOTTAW','checking',11,2014,24,0,1,1);
INSERT INTO `transactions` VALUES (562,'2014-11-22',0,6,'POS Purchase','BOOSTERJUICE 198         ORLEA','checking',11,2014,22,0,1,1);
INSERT INTO `transactions` VALUES (563,'2014-11-22',0,25,'POS Purchase','MR. GAS #92              GLOUC','checking',11,2014,22,0,1,1);
INSERT INTO `transactions` VALUES (564,'2014-11-21',0,87,'POS Purchase','COSTCO WHOLESALE #540    NEPEA','checking',11,2014,21,0,43,15);
INSERT INTO `transactions` VALUES (565,'2014-11-20',0,43,'Service Charge','MONTHLY FEES','checking',11,2014,20,0,1,1);
INSERT INTO `transactions` VALUES (566,'2014-11-20',0,25,'POS Purchase','SALEM STORE HOUSE        NEPEA','checking',11,2014,20,0,84,7);
INSERT INTO `transactions` VALUES (567,'2014-11-20',0,13,'POS Purchase','DOLLARAMA # 797          OTTAW','checking',11,2014,20,0,36,11);
INSERT INTO `transactions` VALUES (568,'2014-11-20',0,162,'POS Purchase','SERVICEONTARIO - 468     NEPEA','checking',11,2014,20,0,95,7);
INSERT INTO `transactions` VALUES (569,'2014-11-20',0,51,'POS Purchase','THE UPS STORE #25        OTTAW','checking',11,2014,20,0,1,1);
INSERT INTO `transactions` VALUES (570,'2014-11-20',0,150,'Debit Memo','DRAFT PURCHASE','checking',11,2014,20,0,1,1);
INSERT INTO `transactions` VALUES (571,'2014-11-18',0,33,'Miscellaneous Payment','PAYPAL PTE LTD','checking',11,2014,18,0,80,2);
INSERT INTO `transactions` VALUES (572,'2014-11-18',0,6,'POS Purchase','SALEM STORE HOUSE        NEPEA','checking',11,2014,18,0,84,7);
INSERT INTO `transactions` VALUES (573,'2014-11-18',100,0,'ABM Deposit','','checking',11,2014,18,0,1,1);
INSERT INTO `transactions` VALUES (574,'2014-11-17',0,3,'POS Purchase','DOLLARAMA # 797          OTTAW','checking',11,2014,17,0,36,11);
INSERT INTO `transactions` VALUES (575,'2014-11-17',0,3,'POS Purchase','DOLLARAMA # 433          NEPEA','checking',11,2014,17,0,36,11);
INSERT INTO `transactions` VALUES (576,'2014-11-17',0,14,'POS Purchase','DOLLARAMA # 797          OTTAW','checking',11,2014,17,0,36,11);
INSERT INTO `transactions` VALUES (577,'2014-11-17',0,100,'Customer Transfer Dr.','','checking',11,2014,17,1,1,3);
INSERT INTO `transactions` VALUES (578,'2014-11-15',0,14,'POS Purchase','FOOD BASICS #907         OTTAW','checking',11,2014,15,0,45,15);
INSERT INTO `transactions` VALUES (579,'2014-11-15',0,483,'POS Purchase','BEST BUY #928            NEPEA','checking',11,2014,15,0,44,13);
INSERT INTO `transactions` VALUES (580,'2014-11-15',0,3,'POS Purchase','WAL-MART #1158           OTTAW','checking',11,2014,15,0,42,15);
INSERT INTO `transactions` VALUES (581,'2014-11-15',0,4,'POS Purchase','TIM HORTONS #2732# QTH   GLOUC','checking',11,2014,15,0,59,17);
INSERT INTO `transactions` VALUES (582,'2014-11-14',0,719,'Mortgage Payment','MORTGAGE #2827805','checking',11,2014,14,0,1,1);
INSERT INTO `transactions` VALUES (583,'2014-11-14',2631,0,'Payroll Deposit','My Employer INC','checking',11,2014,14,0,1,1);
INSERT INTO `transactions` VALUES (584,'2014-11-13',0,14,'POS Purchase','FOOD BASICS #900         OTTAW','checking',11,2014,13,0,45,15);
INSERT INTO `transactions` VALUES (585,'2014-11-12',0,10,'POS Purchase','FOOD BASICS #907         OTTAW','checking',11,2014,12,0,45,15);
INSERT INTO `transactions` VALUES (586,'2014-11-12',0,4,'POS Purchase','DOLLARAMA # 797          OTTAW','checking',11,2014,12,0,36,11);
INSERT INTO `transactions` VALUES (587,'2014-11-10',0,40,'POS Purchase','BASELINE ON THE RUN      OTTAW','checking',11,2014,10,0,25,17);
INSERT INTO `transactions` VALUES (588,'2014-11-10',780,0,'Customer Transfer Cr.','','checking',11,2014,10,1,1,3);
INSERT INTO `transactions` VALUES (589,'2014-11-10',0,780,'ABM Withdrawal','','checking',11,2014,10,0,1,1);
INSERT INTO `transactions` VALUES (590,'2014-11-10',0,40,'POS Purchase','WAL-MART #1158           OTTAW','checking',11,2014,10,0,42,15);
INSERT INTO `transactions` VALUES (591,'2014-11-10',0,2,'POS Purchase','TIM HORTONS #2732# QTH   GLOUC','checking',11,2014,10,0,59,17);
INSERT INTO `transactions` VALUES (592,'2014-11-10',0,139,'POS Purchase','COSTCO WHOLESALE #511    GLOUC','checking',11,2014,10,0,43,15);
INSERT INTO `transactions` VALUES (593,'2014-11-08',0,3,'POS Purchase','TIM HORTONS #0558# QTH   ORLEA','checking',11,2014,8,0,59,17);
INSERT INTO `transactions` VALUES (594,'2014-11-06',0,25,'POS Purchase','FOOD BASICS #907         OTTAW','checking',11,2014,6,0,45,15);
INSERT INTO `transactions` VALUES (595,'2014-11-05',0,62,'Bill Payment','ENBRIDGE','checking',11,2014,5,0,29,8);
INSERT INTO `transactions` VALUES (596,'2014-11-05',0,216,'Loans','BANK OF MONTREAL','checking',11,2014,5,0,26,21);
INSERT INTO `transactions` VALUES (597,'2014-11-05',0,254,'Insurance','JOHNSON/UNIFUND','checking',11,2014,5,0,24,6);
INSERT INTO `transactions` VALUES (598,'2014-11-03',0,9,'Miscellaneous Payment','PAYPAL PTE LTD','checking',11,2014,3,0,80,2);
INSERT INTO `transactions` VALUES (599,'2014-11-03',0,29,'Bill Payment','HYDRO OTTAWA','checking',11,2014,3,0,28,9);
INSERT INTO `transactions` VALUES (600,'2014-11-03',0,297,'Miscellaneous Payment','R DIXON MNGT','checking',11,2014,3,0,27,11);
INSERT INTO `transactions` VALUES (601,'2014-11-03',0,50,'Customer Transfer Dr.','INVESTMENT PURCHASE','checking',11,2014,3,1,1,3);
INSERT INTO `transactions` VALUES (602,'2014-11-03',0,175,'Customer Transfer Dr.','PC TO SavingsAccount','checking',11,2014,3,1,1,3);
INSERT INTO `transactions` VALUES (603,'2014-11-03',0,1000,'Customer Transfer Dr.','PC TO SavingsAccount','checking',11,2014,3,1,1,3);
INSERT INTO `transactions` VALUES (604,'2014-11-03',0,40,'ABM Withdrawal','','checking',11,2014,3,0,1,1);
INSERT INTO `transactions` VALUES (605,'2014-11-03',1049,0,'DEPOSIT','','checking',11,2014,3,0,1,1);
INSERT INTO `transactions` VALUES (606,'2014-11-03',50,0,'DEPOSIT','','checking',11,2014,3,0,1,1);
INSERT INTO `transactions` VALUES (607,'2014-11-03',239,0,'Insurance','GREAT-WEST LIFE','checking',11,2014,3,0,1,1);
INSERT INTO `transactions` VALUES (608,'2014-11-03',0,27,'Mortgage Payment','MORTGAGE #2827805','checking',11,2014,3,0,1,1);
INSERT INTO `transactions` VALUES (609,'2014-11-03',0,60,'POS Purchase','OTT THE BRICK #34        NEPEA','checking',11,2014,3,0,1,1);
INSERT INTO `transactions` VALUES (610,'2014-11-03',0,37,'POS Purchase','MEADOWLANDS ESSO         NEPEA','checking',11,2014,3,0,53,20);
INSERT INTO `transactions` VALUES (611,'2014-11-03',0,1,'POS Purchase','WENDY\'S #6368      Q1R   GLOUC','checking',11,2014,3,0,1,1);
INSERT INTO `transactions` VALUES (612,'2014-11-03',0,12,'POS Purchase','WENDY\'S #6368      Q1R   GLOUC','checking',11,2014,3,0,1,1);
INSERT INTO `transactions` VALUES (613,'2014-11-03',12,0,'Correction','WENDY\'S #6368      Q1R   GLOUC','checking',11,2014,3,0,1,1);
INSERT INTO `transactions` VALUES (614,'2014-11-03',0,12,'POS Purchase','WENDY\'S #6368      Q1R   GLOUC','checking',11,2014,3,0,1,1);
INSERT INTO `transactions` VALUES (615,'2014-11-01',0,44,'POS Purchase','WAL-MART #1110           OTTAW','checking',11,2014,1,0,42,15);
INSERT INTO `transactions` VALUES (616,'2014-11-01',0,21,'POS Purchase','SHAWARMA KITCHEN         OTTAW','checking',11,2014,1,0,1,1);
INSERT INTO `transactions` VALUES (617,'2014-11-01',0,300,'ABM Withdrawal','','checking',11,2014,1,0,1,1);
INSERT INTO `transactions` VALUES (618,'2014-11-01',711,0,'ABM Deposit','','checking',11,2014,1,0,1,1);
INSERT INTO `transactions` VALUES (619,'2014-12-31',0,203,'Bill Payment','ROGERS WIRELESS PRE-AUTH DR','checking',12,2014,31,0,39,16);
INSERT INTO `transactions` VALUES (620,'2014-12-31',0,6,'POS Purchase','DAMAS SUPERMARKET        OTTAW','checking',12,2014,31,0,61,15);
INSERT INTO `transactions` VALUES (621,'2014-12-31',0,45,'POS Purchase','WAL-MART #3638           BARRH','checking',12,2014,31,0,42,15);
INSERT INTO `transactions` VALUES (622,'2014-12-31',14,0,'POS Return','WAL-MART #3638           BARRH','checking',12,2014,31,0,42,15);
INSERT INTO `transactions` VALUES (623,'2014-12-31',0,10,'POS Purchase','SHOPPER\'S DRUG MART #1   NEPEA','checking',12,2014,31,0,34,10);
INSERT INTO `transactions` VALUES (624,'2014-12-31',0,3,'POS Purchase','SHOPPERS DRUG MART #15   NEPEA','checking',12,2014,31,0,34,10);
INSERT INTO `transactions` VALUES (625,'2014-12-31',0,1557,'Customer Transfer Dr.','PC TO SavingsAccount','checking',12,2014,31,1,1,3);
INSERT INTO `transactions` VALUES (626,'2014-12-31',2617,0,'Payroll Deposit','My Employer INC','checking',12,2014,31,0,1,1);
INSERT INTO `transactions` VALUES (627,'2014-12-29',0,32,'Bill Payment','HYDRO OTTAWA','checking',12,2014,29,0,28,9);
INSERT INTO `transactions` VALUES (628,'2014-12-29',0,31,'POS Purchase','OPOS Amazon *Marketplce CWWW.A','checking',12,2014,29,0,79,19);
INSERT INTO `transactions` VALUES (629,'2014-12-29',0,457,'POS Purchase','OPOS Amazon.ca           AMAZO','checking',12,2014,29,0,79,19);
INSERT INTO `transactions` VALUES (630,'2014-12-29',200,0,'ABM Deposit','','checking',12,2014,29,0,1,1);
INSERT INTO `transactions` VALUES (631,'2014-12-29',0,998,'POS Purchase','LEON S FURNITURE TT 16   OTTAW','checking',12,2014,29,0,100,23);
INSERT INTO `transactions` VALUES (632,'2014-12-29',0,100,'Customer Transfer Dr.','PC TO SavingsAccount3','checking',12,2014,29,1,1,3);
INSERT INTO `transactions` VALUES (633,'2014-12-29',1000,0,'Customer Transfer Cr.','PC FROM SavingsAccount3','checking',12,2014,29,1,1,3);
INSERT INTO `transactions` VALUES (634,'2014-12-29',0,67,'POS Purchase','THE HOME DEPOT #7026     OTTAW','checking',12,2014,29,0,51,22);
INSERT INTO `transactions` VALUES (635,'2014-12-29',0,37,'POS Purchase','WAL-MART #1110           OTTAW','checking',12,2014,29,0,42,15);
INSERT INTO `transactions` VALUES (636,'2014-12-29',0,17,'POS Purchase','IKEA OTTAWA              OTTAW','checking',12,2014,29,0,47,23);
INSERT INTO `transactions` VALUES (637,'2014-12-29',0,51,'WITHDRAWAL','','checking',12,2014,29,0,1,1);
INSERT INTO `transactions` VALUES (638,'2014-12-29',1017,0,'DEPOSIT','','checking',12,2014,29,0,1,1);
INSERT INTO `transactions` VALUES (639,'2014-12-29',150,0,'ABM Deposit','','checking',12,2014,29,0,1,1);
INSERT INTO `transactions` VALUES (640,'2014-12-29',0,719,'Mortgage Payment','MORTGAGE #2827805','checking',12,2014,29,0,1,1);
INSERT INTO `transactions` VALUES (641,'2014-12-29',0,25,'POS Purchase','PIONEER STN #154         OTTAW','checking',12,2014,29,0,19,20);
INSERT INTO `transactions` VALUES (642,'2014-12-29',0,8,'POS Purchase','OLD NAVY CA 5492         GLOUC','checking',12,2014,29,0,37,19);
INSERT INTO `transactions` VALUES (643,'2014-12-29',0,68,'POS Purchase','OLD NAVY CA 5492         GLOUC','checking',12,2014,29,0,37,19);
INSERT INTO `transactions` VALUES (644,'2014-12-27',0,1,'POS Purchase','OPOS 1.00 AmazonPrime Memamzn.','checking',12,2014,27,0,79,19);
INSERT INTO `transactions` VALUES (645,'2014-12-27',0,0,'POS Purchase','OPOS PRESTO              TORON','checking',12,2014,27,0,87,14);
INSERT INTO `transactions` VALUES (646,'2014-12-27',0,0,'POS Purchase','OPOS PRESTO              TORON','checking',12,2014,27,0,87,14);
INSERT INTO `transactions` VALUES (647,'2014-12-24',0,100,'Customer Transfer Dr.','INVESTMENT PURCHASE','checking',12,2014,24,1,1,3);
INSERT INTO `transactions` VALUES (648,'2014-12-24',0,14,'POS Purchase','LOBLAW #1050             OTTAW','checking',12,2014,24,0,58,15);
INSERT INTO `transactions` VALUES (649,'2014-12-24',0,35,'POS Purchase','CANADIAN TIRE #290       OTTAW','checking',12,2014,24,0,48,11);
INSERT INTO `transactions` VALUES (650,'2014-12-24',0,80,'POS Purchase','WAL-MART #3066           OTTAW','checking',12,2014,24,0,42,15);
INSERT INTO `transactions` VALUES (651,'2014-12-23',260,0,'Customer Transfer Cr.','PC FROM SavingsAccount2','checking',12,2014,23,1,1,3);
INSERT INTO `transactions` VALUES (652,'2014-12-23',0,7,'POS Purchase','DOLLARAMA # 797          OTTAW','checking',12,2014,23,0,36,11);
INSERT INTO `transactions` VALUES (653,'2014-12-23',0,6,'POS Purchase','DOLLAR TREE #40084       GLOUC','checking',12,2014,23,0,31,11);
INSERT INTO `transactions` VALUES (654,'2014-12-23',0,26,'POS Purchase','FOOD BASICS #896         GLOUC','checking',12,2014,23,0,45,15);
INSERT INTO `transactions` VALUES (655,'2014-12-22',0,899,'Customer Transfer Dr.','PC TO SavingsAccount3','checking',12,2014,22,1,1,3);
INSERT INTO `transactions` VALUES (656,'2014-12-22',0,152,'POS Purchase','IKEA OTTAWA              OTTAW','checking',12,2014,22,0,47,23);
INSERT INTO `transactions` VALUES (657,'2014-12-22',0,4,'POS Purchase','THE HOME DEPOT #7026     OTTAW','checking',12,2014,22,0,51,22);
INSERT INTO `transactions` VALUES (658,'2014-12-22',1045,0,'Customer Transfer Cr.','PC FROM SavingsAccount3','checking',12,2014,22,1,1,3);
INSERT INTO `transactions` VALUES (659,'2014-12-20',0,38,'Service Charge','MONTHLY FEES','checking',12,2014,20,0,1,1);
INSERT INTO `transactions` VALUES (660,'2014-12-20',0,5,'Overdraft Protect. Fee','','checking',12,2014,20,0,1,1);
INSERT INTO `transactions` VALUES (661,'2014-12-20',0,0,'Overdraft Interest','','checking',12,2014,20,0,1,1);
INSERT INTO `transactions` VALUES (662,'2014-12-20',0,21,'POS Purchase','PIONEER STN #154         OTTAW','checking',12,2014,20,0,19,20);
INSERT INTO `transactions` VALUES (663,'2014-12-19',0,106,'POS Purchase','COSTCO WHOLESALE #540    NEPEA','checking',12,2014,19,0,43,15);
INSERT INTO `transactions` VALUES (664,'2014-12-19',260,0,'Customer Transfer Cr.','PC FROM SavingsAccount2','checking',12,2014,19,1,1,3);
INSERT INTO `transactions` VALUES (665,'2014-12-18',0,39,'POS Purchase','OTTAWA TAXI              NEPEA','checking',12,2014,18,0,69,14);
INSERT INTO `transactions` VALUES (666,'2014-12-18',0,3,'POS Purchase','VPOS 2.11 DUNKIN #342056 DULLE','checking',12,2014,18,0,1,1);
INSERT INTO `transactions` VALUES (667,'2014-12-18',0,23,'POS Purchase','VPOS 18.83 CITY WOK      DULLE','checking',12,2014,18,0,1,1);
INSERT INTO `transactions` VALUES (668,'2014-12-17',0,17,'ABM Withdrawal','','checking',12,2014,17,0,1,1);
INSERT INTO `transactions` VALUES (669,'2014-12-17',0,100,'Customer Transfer Dr.','','checking',12,2014,17,1,1,3);
INSERT INTO `transactions` VALUES (670,'2014-12-16',0,260,'Customer Transfer Dr.','','checking',12,2014,16,1,1,3);
INSERT INTO `transactions` VALUES (671,'2014-12-15',0,500,'Customer Transfer Dr.','PC TO SavingsAccount','checking',12,2014,15,1,1,3);
INSERT INTO `transactions` VALUES (672,'2014-12-15',0,9,'ABM Withdrawal','','checking',12,2014,15,0,1,1);
INSERT INTO `transactions` VALUES (673,'2014-12-15',0,25,'ABM Withdrawal','','checking',12,2014,15,0,1,1);
INSERT INTO `transactions` VALUES (674,'2014-12-15',0,260,'Customer Transfer Dr.','','checking',12,2014,15,1,1,3);
INSERT INTO `transactions` VALUES (675,'2014-12-15',2617,0,'Payroll Deposit','My Employer INC','checking',12,2014,15,0,1,1);
INSERT INTO `transactions` VALUES (676,'2014-12-15',0,3,'POS Purchase','DOLLARAMA # 797          OTTAW','checking',12,2014,15,0,36,11);
INSERT INTO `transactions` VALUES (677,'2014-12-15',0,2,'POS Purchase','TIM HORTONS #3043# QTH   OTTAW','checking',12,2014,15,0,59,17);
INSERT INTO `transactions` VALUES (678,'2014-12-13',0,27,'POS Purchase','BASELINE ON THE RUN      OTTAW','checking',12,2014,13,0,25,17);
INSERT INTO `transactions` VALUES (679,'2014-12-13',140,0,'ABM Deposit','','checking',12,2014,13,0,1,1);
INSERT INTO `transactions` VALUES (680,'2014-12-13',500,0,'ABM Deposit','','checking',12,2014,13,0,1,1);
INSERT INTO `transactions` VALUES (681,'2014-12-12',0,13,'POS Purchase','COSTCO WHOLESALE #540    NEPEA','checking',12,2014,12,0,43,15);
INSERT INTO `transactions` VALUES (682,'2014-12-12',23,0,'POS Return','COSTCO WHOLESALE #540    NEPEA','checking',12,2014,12,0,43,15);
INSERT INTO `transactions` VALUES (683,'2014-12-12',0,719,'Mortgage Payment','MORTGAGE #2827805','checking',12,2014,12,0,1,1);
INSERT INTO `transactions` VALUES (684,'2014-12-08',0,68,'Bill Payment','ENBRIDGE','checking',12,2014,8,0,29,8);
INSERT INTO `transactions` VALUES (685,'2014-12-08',0,196,'Miscellaneous Payment','PAYPAL PTE LTD','checking',12,2014,8,0,80,2);
INSERT INTO `transactions` VALUES (686,'2014-12-06',0,5,'POS Purchase','DOLLARAMA # 475          ORLEA','checking',12,2014,6,0,36,11);
INSERT INTO `transactions` VALUES (687,'2014-12-06',0,34,'POS Purchase','GREEK TO GO              OTTAW','checking',12,2014,6,0,1,1);
INSERT INTO `transactions` VALUES (688,'2014-12-05',0,216,'Loans','BANK OF MONTREAL','checking',12,2014,5,0,26,21);
INSERT INTO `transactions` VALUES (689,'2014-12-05',0,254,'Insurance','JOHNSON/UNIFUND','checking',12,2014,5,0,24,6);
INSERT INTO `transactions` VALUES (690,'2014-12-05',0,34,'POS Purchase','FOOD BASICS #907         OTTAW','checking',12,2014,5,0,45,15);
INSERT INTO `transactions` VALUES (691,'2014-12-03',0,2,'POS Purchase','OPOS ROAM MOBILITY       RICHM','checking',12,2014,3,0,75,16);
INSERT INTO `transactions` VALUES (692,'2014-12-02',0,9,'Miscellaneous Payment','PAYPAL PTE LTD','checking',12,2014,2,0,80,2);
INSERT INTO `transactions` VALUES (693,'2014-12-02',0,30,'Bill Payment','HYDRO OTTAWA','checking',12,2014,2,0,28,9);
INSERT INTO `transactions` VALUES (694,'2014-12-02',0,3,'POS Purchase','SHOPPERS DRUG MART       OTTAW','checking',12,2014,2,0,34,10);
INSERT INTO `transactions` VALUES (695,'2014-12-01',0,297,'Miscellaneous Payment','R DIXON MNGT','checking',12,2014,1,0,27,11);
INSERT INTO `transactions` VALUES (696,'2014-12-01',0,216,'Bill Payment','ROGERS WIRELESS PRE-AUTH DR','checking',12,2014,1,0,39,16);
INSERT INTO `transactions` VALUES (697,'2014-12-01',0,11,'POS Purchase','ALDO #1482               NEPEA','checking',12,2014,1,0,14,19);
INSERT INTO `transactions` VALUES (698,'2014-12-01',0,700,'Customer Transfer Dr.','PC TO SavingsAccount','checking',12,2014,1,1,1,3);
INSERT INTO `transactions` VALUES (699,'2014-12-01',0,43,'POS Purchase','COSTCO WHOLESALE #540    NEPEA','checking',12,2014,1,0,43,15);
INSERT INTO `transactions` VALUES (700,'2014-12-01',0,48,'POS Purchase','EXTREME CUSTOMS          NEPEA','checking',12,2014,1,0,1,1);
INSERT INTO `transactions` VALUES (701,'2014-12-01',0,3,'POS Purchase','TIM HORTON\'S #1440# QTH  NEPEA','checking',12,2014,1,0,59,17);
INSERT INTO `transactions` VALUES (702,'2014-12-01',0,27,'Mortgage Payment','MORTGAGE #2827805','checking',12,2014,1,0,1,1);
INSERT INTO `transactions` VALUES (703,'2015-01-31',0,10,'POS Purchase','PETRO-CANADA             OTTAW','checking',1,2015,31,0,94,20);
INSERT INTO `transactions` VALUES (704,'2015-01-31',0,2,'POS Purchase','IKEA OTTAWA              OTTAW','checking',1,2015,31,0,47,23);
INSERT INTO `transactions` VALUES (705,'2015-01-31',0,337,'POS Purchase','IKEA OTTAWA              OTTAW','checking',1,2015,31,0,47,23);
INSERT INTO `transactions` VALUES (706,'2015-01-31',0,520,'ABM Withdrawal','','checking',1,2015,31,0,1,1);
INSERT INTO `transactions` VALUES (707,'2015-01-31',520,0,'Customer Transfer Cr.','PC FROM SavingsAccount2','checking',1,2015,31,1,1,3);
INSERT INTO `transactions` VALUES (708,'2015-01-31',0,842,'Bill Payment','MASTERCARD','checking',1,2015,31,0,18,19);
INSERT INTO `transactions` VALUES (709,'2015-01-30',0,20,'POS Purchase','SERVICEONTARIO - 468     NEPEA','checking',1,2015,30,0,95,7);
INSERT INTO `transactions` VALUES (710,'2015-01-30',2392,0,'Payroll Deposit','My Employer INC','checking',1,2015,30,0,1,1);
INSERT INTO `transactions` VALUES (711,'2015-01-29',0,34,'POS Purchase','BEST BUY #940            OTTAW','checking',1,2015,29,0,44,13);
INSERT INTO `transactions` VALUES (712,'2015-01-29',0,33,'POS Purchase','JAMES STREET PUB         OTTAW','checking',1,2015,29,0,91,17);
INSERT INTO `transactions` VALUES (713,'2015-01-28',0,24,'POS Purchase','ROCKWELL S RESTAURANT    NEPEA','checking',1,2015,28,0,92,17);
INSERT INTO `transactions` VALUES (714,'2015-01-28',24,0,'Correction','ROCKWELL S RESTAURANT    NEPEA','checking',1,2015,28,0,92,17);
INSERT INTO `transactions` VALUES (715,'2015-01-28',0,24,'POS Purchase','ROCKWELL S RESTAURANT    NEPEA','checking',1,2015,28,0,92,17);
INSERT INTO `transactions` VALUES (716,'2015-01-27',119,0,'POS Return','OPOS 99.00 AmazonPrime Meamzn.','checking',1,2015,27,0,79,19);
INSERT INTO `transactions` VALUES (717,'2015-01-26',0,1,'POS Purchase','DOLLARAMA # 797          OTTAW','checking',1,2015,26,0,36,11);
INSERT INTO `transactions` VALUES (718,'2015-01-26',0,3,'POS Purchase','DOLLARAMA # 797          OTTAW','checking',1,2015,26,0,36,11);
INSERT INTO `transactions` VALUES (719,'2015-01-26',0,126,'POS Purchase','OPOS 99.00 AmazonPrime Meamzn.','checking',1,2015,26,0,79,19);
INSERT INTO `transactions` VALUES (720,'2015-01-26',0,25,'POS Purchase','COSTCO WHOLESALE #511    GLOUC','checking',1,2015,26,0,43,15);
INSERT INTO `transactions` VALUES (721,'2015-01-26',23,0,'POS Return','COSTCO WHOLESALE #511    GLOUC','checking',1,2015,26,0,43,15);
INSERT INTO `transactions` VALUES (722,'2015-01-24',0,2,'POS Purchase','OPOS GOOGLE *Coptic DioceGOOGL','checking',1,2015,24,0,96,19);
INSERT INTO `transactions` VALUES (723,'2015-01-24',0,2,'POS Purchase','OPOS GOOGLE *Coptic DioceGOOGL','checking',1,2015,24,0,96,19);
INSERT INTO `transactions` VALUES (724,'2015-01-24',0,2,'POS Purchase','OPOS GOOGLE *Coptic DioceGOOGL','checking',1,2015,24,0,96,19);
INSERT INTO `transactions` VALUES (725,'2015-01-24',0,100,'Customer Transfer Dr.','INVESTMENT PURCHASE','checking',1,2015,24,1,1,3);
INSERT INTO `transactions` VALUES (726,'2015-01-24',0,4,'POS Purchase','DOLLARAMA # 797          OTTAW','checking',1,2015,24,0,36,11);
INSERT INTO `transactions` VALUES (727,'2015-01-24',0,177,'POS Purchase','COSTCO WHOLESALE #540    NEPEA','checking',1,2015,24,0,43,15);
INSERT INTO `transactions` VALUES (728,'2015-01-24',0,24,'POS Purchase','BULK BARN STORE # 555    OTTAW','checking',1,2015,24,0,97,15);
INSERT INTO `transactions` VALUES (729,'2015-01-24',0,35,'POS Purchase','CORA BREAKFAST AND LUN   OTTAW','checking',1,2015,24,0,93,17);
INSERT INTO `transactions` VALUES (730,'2015-01-24',0,5,'POS Purchase','#32-032  CITY OF OTTAW   NEPEA','checking',1,2015,24,0,1,1);
INSERT INTO `transactions` VALUES (731,'2015-01-23',0,40,'POS Purchase','OPOS PRESTO              TORON','checking',1,2015,23,0,87,14);
INSERT INTO `transactions` VALUES (732,'2015-01-23',0,719,'Mortgage Payment','MORTGAGE #2827805','checking',1,2015,23,0,1,1);
INSERT INTO `transactions` VALUES (733,'2015-01-21',0,5,'POS Purchase','DOLLARAMA # 246          OTTAW','checking',1,2015,21,0,36,11);
INSERT INTO `transactions` VALUES (734,'2015-01-21',306,0,'ABM Deposit','','checking',1,2015,21,0,1,1);
INSERT INTO `transactions` VALUES (735,'2015-01-21',70,0,'ABM Deposit','','checking',1,2015,21,0,1,1);
INSERT INTO `transactions` VALUES (736,'2015-01-21',0,28,'POS Purchase','DAMAS SUPERMARKET        OTTAW','checking',1,2015,21,0,61,15);
INSERT INTO `transactions` VALUES (737,'2015-01-20',0,55,'Service Charge','MONTHLY FEES','checking',1,2015,20,0,1,1);
INSERT INTO `transactions` VALUES (738,'2015-01-19',0,100,'Customer Transfer Dr.','','checking',1,2015,19,1,1,3);
INSERT INTO `transactions` VALUES (739,'2015-01-19',55,0,'POS Return','MICHAEL HILL ST LAUREN   OTTAW','checking',1,2015,19,0,98,19);
INSERT INTO `transactions` VALUES (740,'2015-01-19',0,100,'ABM Withdrawal','','checking',1,2015,19,0,1,1);
INSERT INTO `transactions` VALUES (741,'2015-01-17',0,4,'POS Purchase','DOLLARAMA # 644          OTTAW','checking',1,2015,17,0,36,11);
INSERT INTO `transactions` VALUES (742,'2015-01-17',0,11,'POS Purchase','HARVEY\'S #0002228#       OTTAW','checking',1,2015,17,0,38,17);
INSERT INTO `transactions` VALUES (743,'2015-01-17',48,0,'POS Return','WAL-MART #1110           OTTAW','checking',1,2015,17,0,42,15);
INSERT INTO `transactions` VALUES (744,'2015-01-16',0,33,'POS Purchase','BASELINE ON THE RUN      OTTAW','checking',1,2015,16,0,25,17);
INSERT INTO `transactions` VALUES (745,'2015-01-16',0,260,'Customer Transfer Dr.','','checking',1,2015,16,1,1,3);
INSERT INTO `transactions` VALUES (746,'2015-01-15',0,190,'POS Purchase','MICHAEL HILL ST LAUREN   OTTAW','checking',1,2015,15,0,98,19);
INSERT INTO `transactions` VALUES (747,'2015-01-15',0,18,'POS Purchase','DOLLAR TREE #40084       GLOUC','checking',1,2015,15,0,31,11);
INSERT INTO `transactions` VALUES (748,'2015-01-15',0,19,'Customer Transfer Dr.','PC TO SavingsAccount','checking',1,2015,15,1,1,3);
INSERT INTO `transactions` VALUES (749,'2015-01-15',0,1,'Service Charge','PC-EMAIL MONEY TRF','checking',1,2015,15,0,1,1);
INSERT INTO `transactions` VALUES (750,'2015-01-15',0,15,'WITHDRAWAL','PC-EMAIL MONEY TRF','checking',1,2015,15,0,1,1);
INSERT INTO `transactions` VALUES (751,'2015-01-15',0,1,'Service Charge','PC-EMAIL MONEY TRF','checking',1,2015,15,0,1,1);
INSERT INTO `transactions` VALUES (752,'2015-01-15',0,195,'WITHDRAWAL','PC-EMAIL MONEY TRF','checking',1,2015,15,0,1,1);
INSERT INTO `transactions` VALUES (753,'2015-01-15',0,260,'Customer Transfer Dr.','','checking',1,2015,15,1,1,3);
INSERT INTO `transactions` VALUES (754,'2015-01-15',2392,0,'Payroll Deposit','My Employer INC','checking',1,2015,15,0,1,1);
INSERT INTO `transactions` VALUES (755,'2015-01-14',0,51,'POS Purchase','WAL-MART #1110           OTTAW','checking',1,2015,14,0,42,15);
INSERT INTO `transactions` VALUES (756,'2015-01-14',0,15,'POS Purchase','THE WORKS-GLEBE          OTTAW','checking',1,2015,14,0,99,17);
INSERT INTO `transactions` VALUES (757,'2015-01-13',0,1,'POS Purchase','OPOS Amazon Digital Dwnld866-2','checking',1,2015,13,0,79,19);
INSERT INTO `transactions` VALUES (758,'2015-01-13',0,1,'POS Purchase','OPOS Amazon Digital Dwnld866-2','checking',1,2015,13,0,79,19);
INSERT INTO `transactions` VALUES (759,'2015-01-12',0,40,'POS Purchase','OPOS PRESTO              TORON','checking',1,2015,12,0,87,14);
INSERT INTO `transactions` VALUES (760,'2015-01-12',0,57,'POS Purchase','BIG RIG KITCHEN BREWER   OTTAW','checking',1,2015,12,0,6,17);
INSERT INTO `transactions` VALUES (761,'2015-01-10',0,5,'POS Purchase','DOLLAR TREE #40084       GLOUC','checking',1,2015,10,0,31,11);
INSERT INTO `transactions` VALUES (762,'2015-01-10',0,48,'POS Purchase','FOOD BASICS #896         GLOUC','checking',1,2015,10,0,45,15);
INSERT INTO `transactions` VALUES (763,'2015-01-09',0,3,'POS Purchase','GIANT TIGER #22          OTTAW','checking',1,2015,9,0,20,19);
INSERT INTO `transactions` VALUES (764,'2015-01-09',202,0,'POS Return','LEON S FURNITURE TT 16   OTTAW','checking',1,2015,9,0,100,23);
INSERT INTO `transactions` VALUES (765,'2015-01-09',100,0,'POS Return','LEON S FURNITURE TT 16   OTTAW','checking',1,2015,9,0,100,23);
INSERT INTO `transactions` VALUES (766,'2015-01-09',0,719,'Mortgage Payment','MORTGAGE #2827805','checking',1,2015,9,0,1,1);
INSERT INTO `transactions` VALUES (767,'2015-01-08',50,0,'ABM Deposit','','checking',1,2015,8,0,1,1);
INSERT INTO `transactions` VALUES (768,'2015-01-08',0,11,'POS Purchase','SECOND CUP 9451          OTTAW','checking',1,2015,8,0,16,17);
INSERT INTO `transactions` VALUES (769,'2015-01-08',0,27,'POS Purchase','WINNERS 214              NEPEA','checking',1,2015,8,0,49,19);
INSERT INTO `transactions` VALUES (770,'2015-01-08',0,14,'POS Purchase','DAMAS SUPERMARKET        OTTAW','checking',1,2015,8,0,61,15);
INSERT INTO `transactions` VALUES (771,'2015-01-07',0,34,'POS Purchase','DOLLARAMA # 797          OTTAW','checking',1,2015,7,0,36,11);
INSERT INTO `transactions` VALUES (772,'2015-01-07',0,160,'Bill Payment','MASTERCARD','checking',1,2015,7,0,18,19);
INSERT INTO `transactions` VALUES (773,'2015-01-05',0,113,'Bill Payment','ENBRIDGE','checking',1,2015,5,0,29,8);
INSERT INTO `transactions` VALUES (774,'2015-01-05',0,164,'Loans','BANK OF MONTREAL','checking',1,2015,5,0,26,21);
INSERT INTO `transactions` VALUES (775,'2015-01-05',0,254,'Insurance','JOHNSON/UNIFUND','checking',1,2015,5,0,24,6);
INSERT INTO `transactions` VALUES (776,'2015-01-05',0,2,'POS Purchase','TIM HORTON\'S #0710# QTH  OTTAW','checking',1,2015,5,0,59,17);
INSERT INTO `transactions` VALUES (777,'2015-01-05',0,31,'POS Purchase','MEADOWLANDS ESSO         NEPEA','checking',1,2015,5,0,53,20);
INSERT INTO `transactions` VALUES (778,'2015-01-05',0,3,'POS Purchase','BEST BUY #928            NEPEA','checking',1,2015,5,0,44,13);
INSERT INTO `transactions` VALUES (779,'2015-01-05',0,113,'POS Purchase','COSTCO WHOLESALE #540    NEPEA','checking',1,2015,5,0,43,15);
INSERT INTO `transactions` VALUES (780,'2015-01-03',0,13,'POS Purchase','SALEM STORE HOUSE        NEPEA','checking',1,2015,3,0,84,7);
INSERT INTO `transactions` VALUES (781,'2015-01-03',0,66,'POS Purchase','WAL-MART #1110           OTTAW','checking',1,2015,3,0,42,15);
INSERT INTO `transactions` VALUES (782,'2015-01-03',0,57,'POS Purchase','TOOTSIES SHOE MARKET     OTTAW','checking',1,2015,3,0,101,19);
INSERT INTO `transactions` VALUES (783,'2015-01-03',1,0,'Correction','bank','checking',1,2015,3,0,1,1);
INSERT INTO `transactions` VALUES (784,'2015-01-03',0,0,'Correction','bank','checking',1,2015,3,0,1,1);
INSERT INTO `transactions` VALUES (785,'2015-01-03',0,0,'Correction','bank','checking',1,2015,3,0,1,1);
INSERT INTO `transactions` VALUES (786,'2015-01-02',0,297,'Miscellaneous Payment','R DIXON MNGT','checking',1,2015,2,0,27,11);
INSERT INTO `transactions` VALUES (787,'2015-01-02',0,96,'POS Purchase','OPOS GODADDY.COM CANADA  480-5','checking',1,2015,2,0,102,2);
INSERT INTO `transactions` VALUES (788,'2015-01-02',0,27,'Mortgage Payment','MORTGAGE #2827805','checking',1,2015,2,0,1,1);
/*!40000 ALTER TABLE `transactions` ENABLE KEYS */;
UNLOCK TABLES;
/*!40103 SET TIME_ZONE=@OLD_TIME_ZONE */;

/*!40101 SET SQL_MODE=@OLD_SQL_MODE */;
/*!40014 SET FOREIGN_KEY_CHECKS=@OLD_FOREIGN_KEY_CHECKS */;
/*!40014 SET UNIQUE_CHECKS=@OLD_UNIQUE_CHECKS */;
/*!40101 SET CHARACTER_SET_CLIENT=@OLD_CHARACTER_SET_CLIENT */;
/*!40101 SET CHARACTER_SET_RESULTS=@OLD_CHARACTER_SET_RESULTS */;
/*!40101 SET COLLATION_CONNECTION=@OLD_COLLATION_CONNECTION */;
/*!40111 SET SQL_NOTES=@OLD_SQL_NOTES */;

-- Dump completed on 2015-12-30 10:13:37
